Ticker,Sector,PE_Ratio,EPS_TTM,Market_Cap_Cr,PB_Ratio,ROE_pct,Debt_Equity,Div_Yield,Revenue_Growth,Current_Ratio
360ONE,Financial Services,35.436344,29.22,42054.0,4.479733,,161.977,171.0,26.9,
3MINDIA,Diversified,98.055305,335.27,37034.0,22.996393,,6.416,49.0,12.7,
ABB,Capital Goods,96.15969,78.9,160775.0,20.517494,22.39,1.082,52.0,5.7,2.049
ACC,Construction Materials,10.114404,140.73,26730.0,1.3409718,,2.435,52.0,9.4,
ACMESOLAR,Power,38.052433,8.01,18449.0,3.8590093,,271.784,7.0,42.3,
AIAENG,Capital Goods,32.52408,124.6,37818.0,5.133464,,13.852,39.0,0.1,
APLAPOLLO,Capital Goods,48.032825,42.65,56881.0,12.350339,,15.534,27.0,7.0,
AUBANK,Financial Services,33.957253,30.88,78349.0,4.269909,,,10.0,27.8,
AWL,Fast Moving Consumer Goods,27.178328,7.29,25634.0,2.5899684,,11.063,0.0,10.3,
AADHARHFC,Financial Services,21.038628,23.3,21358.0,3.075668,,255.35,0.0,20.0,
AARTIIND,Chemicals,44.98077,10.4,16984.0,2.983209,,69.555,21.0,26.0,
AAVAS,Financial Services,18.503252,78.37,11497.0,2.4527538,,307.971,0.0,17.8,
ABBOTINDIA,Healthcare,35.43329,716.84,53973.0,13.457125,,4.549,187.0,6.8,
ACE,Capital Goods,26.049002,35.51,11009.0,6.1730046,,8.005,21.0,-2.3,
ACUTAAS,Healthcare,68.55546,34.89,19583.0,13.858535,,0.58,6.0,43.0,
ADANIENSOL,Power,74.016655,18.61,165471.0,7.084263,,186.654,0.0,15.4,
ADANIENT,Metals & Mining,20.798733,110.55,315339.0,5.1598935,,177.767,6.0,8.6,
ADANIGREEN,Power,142.47394,8.63,202529.0,10.74481,,296.223,0.0,10.7,
ADANIPORTS,Services,27.801285,57.67,369394.0,5.164206,19.41,81.556,44.0,21.9,
ADANIPOWER,Power,36.749577,5.87,416009.0,7.1225276,,81.251,0.0,-8.9,
ATGL,Oil Gas & Consumable Fuels,107.89744,5.85,69420.0,15.360281,,44.513,4.0,16.4,
ABCAPITAL,Financial Services,26.466818,13.26,91967.0,2.8522782,,459.779,0.0,31.4,
ABFRL,Consumer Services,,-6.98,7775.0,1.2405387,,84.682,0.0,-45.6,
ABLBL,Consumer Services,,,13044.0,10.1111,,266.809,0.0,9.6,
ABREL,Realty,,-30.87,15756.0,4.1498117,,144.576,14.0,-91.5,
ABSLAMC,Financial Services,29.53263,35.09,29959.0,8.392997,,1.929,235.0,16.3,
CPPLUS,Capital Goods,105.41628,21.62,26847.0,16.109674,,8.041,0.0,37.3,
AEGISLOG,Oil Gas & Consumable Fuels,32.328766,21.9,24851.0,4.180765,,28.45,112.0,1.1,
AEGISVOPAK,Oil Gas & Consumable Fuels,155.2,1.25,21495.0,4.503459,,42.268,0.0,22.3,
AFCONS,Construction,26.702126,12.22,12001.0,2.239472,,66.143,76.0,-7.3,
AFFLE,Information Technology,45.915493,31.24,20173.0,6.1780987,,1.18,0.0,19.2,
AJANTPHARM,Healthcare,34.354897,81.15,34848.0,8.070436,,5.698,201.0,20.0,
ALKEM,Healthcare,27.8033,198.07,65844.0,4.9334207,,17.056,91.0,10.7,
ABDL,Fast Moving Consumer Goods,58.64159,9.57,15697.0,10.386053,,66.738,65.0,3.0,
ARE&M,Automobile and Auto Components,22.62063,40.62,16819.0,2.17307,,4.005,120.0,4.2,
AMBER,Consumer Durables,166.2751,46.82,27397.0,7.5009613,,74.27,0.0,37.9,
AMBUJACEM,Construction Materials,30.126837,14.98,112140.0,1.983309,,1.829,43.0,10.2,
ANANDRATHI,Financial Services,77.05407,46.98,30053.0,36.976883,46.74,8.25,39.0,47.6,3.83
ANANTRAJ,Realty,33.745884,15.19,18447.0,3.9993134,,12.727,14.0,20.0,
ANGELONE,Financial Services,32.841785,9.86,29495.0,4.8154535,15.53,129.314,213.0,30.0,1.766
ANTHEM,Healthcare,87.138695,8.58,41997.0,15.244786,,3.997,0.0,-15.0,
ANURAS,Chemicals,88.4466,15.45,15577.0,4.827803,,37.505,11.0,31.3,
APARINDS,Capital Goods,49.51173,241.67,48063.0,9.905059,,14.499,43.0,16.2,
APOLLOHOSP,Healthcare,61.240646,125.66,110649.0,12.167703,,83.606,26.0,17.2,
APOLLOTYRE,Automobile and Auto Components,29.660496,14.58,27356.0,1.7651885,,29.09,196.0,11.8,
APTUS,Financial Services,14.633597,17.74,12999.0,2.7816174,,157.024,172.0,26.0,
ASAHIINDIA,Automobile and Auto Components,70.873146,12.14,21934.0,5.92252,,77.144,23.0,11.7,
ASHOKLEY,Capital Goods,30.678507,5.63,101453.0,8.041717,,327.886,175.0,23.6,
ASIANPAINT,Consumer Durables,62.87276,40.24,242524.0,12.381326,,17.609,98.0,3.7,
ASTERDM,Healthcare,107.277,6.39,35444.0,7.8098297,,43.791,58.0,13.0,
ASTRAL,Capital Goods,83.42217,18.76,42044.0,11.129285,,6.769,24.0,10.3,
ATHERENERG,Automobile and Auto Components,,-23.09,35175.0,13.013378,,15.813,0.0,50.2,
ATUL,Chemicals,33.684834,201.99,20032.0,3.3852093,,3.14,38.0,11.1,
AUROPHARMA,Healthcare,23.913622,59.97,83293.0,2.3767183,,22.248,28.0,8.4,
AIIL,Financial Services,11.377014,42.81,41362.0,2.540291,,20.291,4.0,-42.1,
DMART,Consumer Services,103.42553,44.11,297505.0,12.965669,,7.031,0.0,13.3,
AXISBANK,Financial Services,16.273718,84.32,426573.0,2.0581846,13.63,,7.0,5.7,
BEML,Capital Goods,60.737267,29.84,15095.0,5.391769,,23.787,72.0,23.7,
BLS,Consumer Services,18.082588,15.62,11628.0,5.454704,,16.545,103.0,43.6,
BSE,Financial Services,65.853516,52.84,141321.0,22.448952,,0.0,17.0,48.6,
BAJAJ-AUTO,Automobile and Auto Components,30.071108,317.83,266896.0,7.809793,,57.257,219.0,23.1,
BAJFINANCE,Financial Services,31.442375,28.98,566433.0,5.482947,,310.294,47.0,6.4,
BAJAJFINSV,Financial Services,30.00668,59.89,287086.0,3.739284,,237.537,5.0,24.8,
BAJAJHLDNG,Financial Services,13.221717,789.61,116190.0,1.7126287,,0.019,125.0,89.9,
BAJAJHFL,Financial Services,30.508417,2.97,75466.0,3.5722454,,443.872,0.0,23.1,
BALKRISIND,Automobile and Auto Components,33.36766,67.97,43844.0,4.200296,,35.269,75.0,6.9,
BALRAMCHIN,Fast Moving Consumer Goods,24.567873,22.1,10965.0,2.7964625,,19.761,129.0,22.0,
BANDHANBNK,Financial Services,27.736,6.25,27926.0,1.130089,,,85.0,-12.8,
BANKBARODA,Financial Services,7.45457,37.64,145103.0,0.88320553,12.81,,295.0,4.3,
BANKINDIA,Financial Services,7.060241,21.58,69364.0,0.80248183,12.05,,265.0,8.9,
MAHABANK,Financial Services,8.651316,9.12,60686.0,1.825586,22.66,,313.0,38.2,
BATAINDIA,Consumer Durables,54.898994,13.86,9780.0,6.420881,,90.391,245.0,2.8,
BAYERCROP,Chemicals,31.980185,149.38,21470.0,6.873017,,3.266,261.0,4.7,
BELRISE,Automobile and Auto Components,41.102802,5.35,19568.0,3.6091778,,28.531,25.0,8.2,
BERGEPAINT,Consumer Durables,52.05199,9.04,54866.0,8.733458,,11.082,79.0,0.3,
BDL,Capital Goods,86.943924,15.87,50578.0,11.992109,,0.029,37.0,-31.9,
BEL,Capital Goods,54.473682,8.17,325322.0,15.098724,,0.273,97.0,24.0,
BHARATFORG,Automobile and Auto Components,79.381355,23.6,89565.0,9.565924,,71.382,42.0,25.0,
BHEL,Capital Goods,143.00856,2.34,116524.0,4.7607126,,44.956,15.0,16.4,
BPCL,Oil Gas & Consumable Fuels,5.418403,57.6,135405.0,1.4196818,,56.386,636.0,5.2,
BHARTIARTL,Telecommunication,36.269245,50.66,1119247.0,8.966601,23.12,117.095,87.0,19.6,0.45
BHARTIHEXA,Telecommunication,44.653156,35.03,78210.0,11.641337,28.81,94.665,65.0,4.8,0.389
BIKAJI,Fast Moving Consumer Goods,70.5071,9.86,17431.0,11.637289,,19.446,15.0,10.5,
GROWW,Financial Services,64.38235,3.4,135534.0,17.754887,28.72,3.028,0.0,83.5,1.551
BIOCON,Healthcare,73.850105,4.87,58239.0,1.7297435,,50.024,14.0,9.2,
BSOFT,Information Technology,23.03786,16.64,10714.0,2.890764,,4.089,168.0,1.3,
BLUEDART,Services,50.631035,106.65,12813.0,7.8534317,,,46.0,8.0,
BLUEJET,Healthcare,24.722221,16.92,7256.0,5.7698936,,1.643,29.0,-39.6,
BLUESTARCO,Consumer Durables,76.99875,23.99,37977.0,12.245439,,33.084,48.0,4.2,
BBTC,Fast Moving Consumer Goods,9.703307,158.75,10748.0,1.7173966,,30.298,219.0,8.0,
BOSCHLTD,Automobile and Auto Components,40.07972,935.76,110616.0,7.8914123,,0.778,135.0,9.4,
FIRSTCRY,Consumer Services,,-3.9,12224.0,2.5378742,,31.483,0.0,11.6,
BRIGADE,Realty,25.482183,30.59,19066.0,2.9386485,,75.557,32.0,7.6,
BRITANNIA,Fast Moving Consumer Goods,56.472527,100.27,136392.0,36.532967,,58.424,131.0,8.2,
MAPMYINDIA,Information Technology,39.621304,24.03,5214.0,6.373208,,1.148,36.0,-18.2,
CCL,Fast Moving Consumer Goods,39.27176,28.15,14725.0,7.0579,,77.989,69.0,38.4,
CESC,Power,16.285973,11.12,24006.0,1.8863602,,141.107,333.0,12.5,
CGPOWER,Capital Goods,116.757324,7.17,131854.0,17.67631,,1.519,16.0,26.2,
CRISIL,Financial Services,38.13911,114.73,32000.0,10.548914,,9.785,83.0,30.1,
CANFINHOME,Financial Services,12.194205,73.17,11881.0,2.175026,,658.72,153.0,28.2,
CANBK,Financial Services,6.4770885,22.26,130781.0,1.11465,18.21,,275.0,-42.6,
CANHLIFE,Financial Services,113.100006,1.3,13931.0,8.924973,8.11,,0.0,197.6,1.157
CAPLIPOINT,Healthcare,22.017653,80.44,13485.0,4.3640027,,0.166,34.0,10.1,
CGCL,Financial Services,19.940989,9.32,17882.0,2.6827474,,251.55,11.0,61.1,
CARBORUNIV,Capital Goods,72.852196,12.99,18027.0,4.778773,,7.95,42.0,2.8,
CARTRADE,Consumer Services,42.974876,39.8,8222.0,3.487445,,5.247,0.0,19.0,
CASTROLIND,Oil Gas & Consumable Fuels,19.110302,9.61,18165.0,9.55913,45.47,3.305,573.0,6.0,1.665
CEATLTD,Automobile and Auto Components,27.133795,137.15,15013.0,3.2916255,,67.986,79.0,26.0,
CEMPRO,Construction,24.46134,27.29,11468.0,5.6017084,,47.864,30.0,3.1,
CENTRALBK,Financial Services,6.6948524,5.44,32965.0,0.83257127,13.23,,213.0,12.3,
CDSL,Financial Services,58.221836,22.72,27647.0,15.865478,,0.139,95.0,11.9,
CHALET,Consumer Services,28.799639,27.7,,5.1087713,,72.88,25.0,27.1,
CHAMBLFERT,Chemicals,9.447237,47.76,18077.0,1.8377023,,1.022,221.0,19.9,
CHENNPETRO,Oil Gas & Consumable Fuels,7.495153,144.42,16119.0,1.8261245,,21.902,121.0,21.3,
CHOICEIN,Financial Services,66.41144,10.84,16054.0,12.077847,,35.606,0.0,47.1,
CHOLAHLDNG,Financial Services,12.564001,126.17,29766.0,2.177607,,635.38,8.0,18.6,
CHOLAFIN,Financial Services,26.83084,57.46,131403.0,5.0023847,,724.311,13.0,19.6,
CIPLA,Healthcare,22.892443,56.25,104018.0,3.1597595,,1.415,105.0,,
CUB,Financial Services,15.772243,16.86,19760.0,1.9852778,,,74.0,21.6,
CLEAN,Chemicals,34.948097,23.12,8587.0,5.720597,,0.142,78.0,-8.8,
COALINDIA,Oil Gas & Consumable Fuels,9.242362,48.44,275905.0,2.6169505,,12.976,495.0,-4.8,
COCHINSHIP,Capital Goods,57.44404,27.7,41861.0,7.342633,,20.291,84.0,17.7,
COFORGE,Information Technology,36.888622,33.49,41491.0,6.0067973,,10.888,129.0,26.2,
COHANCE,Healthcare,72.85715,5.04,14061.0,3.7018743,,11.486,0.0,77.3,
COLPAL,Fast Moving Consumer Goods,43.360016,48.72,57457.0,36.315346,,3.791,241.0,1.7,
CAMS,Financial Services,41.396034,18.66,19156.0,15.705312,,6.395,163.0,5.5,
CONCORDBIO,Healthcare,35.37479,29.75,11010.0,6.072146,,0.088,102.0,13.7,
CONCOR,Services,30.35203,16.76,38744.0,3.0297074,,7.016,264.0,4.5,
COROMANDEL,Chemicals,25.06036,81.18,59957.0,4.920511,,11.599,74.0,26.6,
CRAFTSMAN,Automobile and Auto Components,54.75005,140.63,18368.0,6.0618014,,109.273,7.0,30.5,
CREDITACC,Financial Services,41.60608,30.26,20158.0,2.8092332,,280.714,0.0,344.2,
CROMPTON,Consumer Durables,35.551678,7.16,16637.0,4.8027396,,4.826,115.0,7.3,
CUMMINSIND,Capital Goods,64.652145,80.78,144770.0,18.33733,,0.308,103.0,-1.3,
CYIENT,Information Technology,19.338236,48.96,10454.0,1.8783814,,7.224,333.0,-4.0,
DCMSHRIRAM,Diversified,28.004705,42.5,18454.0,2.5785177,,30.055,118.0,13.2,
DLF,Realty,33.432083,17.89,148048.0,3.4409752,,4.133,98.0,32.2,
DOMS,Fast Moving Consumer Goods,65.44758,36.53,14509.0,13.200307,,13.64,13.0,18.2,
DABUR,Fast Moving Consumer Goods,43.860577,10.4,80907.0,7.387284,,11.464,174.0,6.1,
DALBHARAT,Construction Materials,30.959316,63.17,36714.0,2.0736272,,39.764,45.0,10.2,
DATAPATTNS,Capital Goods,90.69872,44.08,22382.0,14.548656,,0.378,21.0,47.9,
DEEPAKFERT,Chemicals,18.12473,69.35,15883.0,2.4355013,,62.046,79.0,9.7,
DEEPAKNTR,Chemicals,44.46036,39.1,23711.0,4.2959523,,22.412,43.0,3.8,
DELHIVERY,Services,228.24121,1.99,34017.0,3.5311406,,17.226,0.0,17.9,
DEVYANI,Consumer Services,,-0.32,13667.0,8.679142,,170.712,0.0,11.3,
DIVISLAB,Healthcare,67.93379,93.65,168891.0,10.950991,,0.584,48.0,12.3,
DIXON,Consumer Durables,39.74937,274.91,66341.0,14.57482,,29.663,7.0,2.1,
LALPATHLAB,Healthcare,45.7391,31.66,24179.0,10.119922,,6.441,89.0,10.6,
DRREDDY,Healthcare,19.132675,67.91,108179.0,2.9050868,16.1,18.026,66.0,4.4,1.88
EIDPARRY,Fast Moving Consumer Goods,13.162546,66.75,15633.0,1.8068894,,18.388,0.0,18.3,
EIHOTEL,Consumer Services,32.619045,10.29,20990.0,4.458688,,5.176,44.0,9.1,
EICHERMOT,Automobile and Auto Components,36.371086,195.21,194763.0,8.817072,,2.018,97.0,22.9,
ELECON,Capital Goods,33.63666,15.22,11488.0,4.93384,15.85,11.824,40.0,-6.5,2.936
ELGIEQUIP,Capital Goods,43.001568,12.76,17297.0,8.634962,,26.275,40.0,18.4,
EMAMILTD,Fast Moving Consumer Goods,25.7629,18.22,20491.0,6.988135,,2.457,254.0,9.8,
EMCURE,Healthcare,34.825554,45.86,30279.0,6.3804116,,33.972,19.0,20.4,
EMMVEE,Capital Goods,21.183926,12.94,18979.0,16.995474,,214.9,0.0,118.1,
ENDURANCE,Automobile and Auto Components,36.8916,65.5,33990.0,5.430612,,19.638,42.0,26.2,
ENGINERSIN,Construction,17.694202,13.8,13724.0,5.057476,,0.731,122.0,58.3,
ERIS,Healthcare,42.921955,31.52,18743.0,5.9640894,,68.185,97.0,10.9,
ESCORTS,Capital Goods,27.573,119.86,36362.0,3.0591269,,0.871,138.0,11.3,
ETERNAL,Consumer Services,1080.2084,0.24,238352.0,7.8103814,,10.875,0.0,201.9,
EXIDEIND,Automobile and Auto Components,36.23584,9.71,29916.0,2.0339327,,11.151,56.0,4.6,
NYKAA,Consumer Services,535.18365,0.49,75089.0,54.215424,,97.748,0.0,26.7,
FEDERALBNK,Financial Services,17.858873,16.51,72650.0,1.9962087,,,40.0,15.1,
FACT,Chemicals,1978.0851,0.47,60158.0,43.74647,,278.992,4.0,65.1,
FINCABLES,Capital Goods,22.169662,44.5,15088.0,2.6469285,,0.377,82.0,35.2,
FSL,Services,25.163494,8.93,15513.0,3.5538511,,54.258,245.0,16.2,
FIVESTAR,Financial Services,12.955089,37.63,14390.0,2.1083815,,123.056,40.0,6.9,
FORCEMOT,Automobile and Auto Components,20.068756,1038.43,27459.0,7.831336,,,18.0,12.7,
FORTIS,Healthcare,72.33517,12.74,69573.0,7.385635,,32.958,11.0,17.5,
GAIL,Oil Gas & Consumable Fuels,12.623277,13.06,108397.0,1.2297295,,25.373,752.0,-4.5,
GVT&D,Capital Goods,110.37305,41.55,117423.0,56.265102,,1.46,12.0,58.4,
GMRAIRPORT,Services,,-0.37,101408.0,-32.57802,,,0.0,50.5,
GABRIEL,Automobile and Auto Components,,-1226.97,14500.0,11.345067,,8.126,47.0,15.9,
GALLANTT,Capital Goods,43.378036,19.76,20681.0,7.2756367,,,14.0,,
GRSE,Capital Goods,47.35588,60.02,32559.0,14.176766,,1.393,95.0,49.1,
GICRE,Financial Services,7.2821727,54.86,70088.0,0.7040181,10.14,,250.0,11.6,0.487
GILLETTE,Fast Moving Consumer Goods,48.489094,164.14,25935.0,22.310177,,0.004,211.0,15.2,
GLAND,Healthcare,34.85437,51.5,29574.0,3.0923219,,3.161,100.0,22.5,
GLAXO,Healthcare,41.178524,60.16,41967.0,24.57444,,2.091,170.0,9.7,
GLENMARK,Healthcare,61.339355,37.63,65138.0,6.7975,,12.776,22.0,15.1,
MEDANTA,Healthcare,57.72751,19.12,29658.0,8.007996,,25.468,4.0,18.8,
GODIGIT,Financial Services,58.119347,5.53,29707.0,6.3196807,,7.443,0.0,5.5,
GPIL,Capital Goods,25.242762,11.74,19279.0,3.4755535,,3.643,33.0,-12.2,
GODFRYPHLP,Fast Moving Consumer Goods,25.76194,83.34,33489.0,5.746296,,3.005,171.0,14.9,
GODREJCP,Fast Moving Consumer Goods,63.188972,17.78,114962.0,9.449276,,33.818,176.0,8.8,
GODREJIND,Diversified,34.251293,29.05,33512.0,3.2219625,,212.69,0.0,10.7,
GODREJPROP,Realty,34.56067,52.58,54735.0,2.988875,,87.886,0.0,-48.6,
GRANULES,Healthcare,30.242546,22.47,16839.0,4.142057,,45.369,22.0,22.0,
GRAPHITE,Capital Goods,44.20036,16.82,14534.0,2.488244,,4.572,148.0,22.8,
GRASIM,Construction Materials,41.51861,66.64,187637.0,1.8838775,,126.634,36.0,27.4,
GRAVITA,Metals & Mining,30.227703,52.7,11603.0,5.134188,,19.62,71.0,2.1,
GESHIP,Services,9.0056925,158.1,20327.0,1.3352991,,8.236,199.0,17.6,
FLUOROCHEM,Chemicals,55.84592,59.58,36550.0,4.794097,,22.475,9.0,-1.0,
GMDCLTD,Metals & Mining,22.124718,31.11,21888.0,3.2549736,,4.139,146.0,-11.4,
GSPL,Oil Gas & Consumable Fuels,15.341019,18.65,16143.0,1.352427,,0.876,178.0,-10.9,
HEG,Capital Goods,34.102627,19.78,13017.0,2.7888024,,13.812,27.0,37.2,
HBLENGINE,Capital Goods,28.535143,28.74,22733.0,11.461113,,4.396,24.0,94.0,
HCLTECH,Information Technology,20.763334,61.31,344430.0,4.585433,23.36,6.935,747.0,5.3,2.217
HDBFS,Financial Services,21.51569,30.91,55094.0,2.6723216,13.94,480.236,60.0,18.4,326.832
HDFCAMC,Financial Services,41.45805,66.39,117953.0,12.77192,32.93,,163.0,3.7,1.693
HDFCBANK,Financial Services,17.601027,44.79,1213668.0,2.146677,13.82,,163.0,-1.8,
HDFCLIFE,Financial Services,67.59009,8.88,129480.0,7.350888,11.28,17.46,35.0,-17.7,1.029
HFCL,Telecommunication,270.25,0.36,14888.0,3.399965,,41.391,10.0,19.6,
HAVELLS,Consumer Durables,53.509514,23.65,79379.0,9.14709,18.97,2.801,74.0,2.5,1.707
HEROMOTOCO,Automobile and Auto Components,18.593233,271.9,101155.0,4.8161654,,3.395,337.0,21.7,
HEXT,Information Technology,20.627825,22.14,27829.0,4.406217,23.46,10.783,504.0,10.3,1.438
HSCL,Chemicals,37.485893,14.18,26819.0,6.45555,,21.091,11.0,3.8,
HINDALCO,Metals & Mining,14.436144,72.27,233298.0,1.7173522,,57.571,48.0,13.9,
HAL,Capital Goods,32.769,132.9,291251.0,7.8465214,,0.031,114.0,10.7,
HINDCOPPER,Metals & Mining,80.62774,6.85,53409.0,18.011349,,4.776,44.0,109.7,
HINDPETRO,Oil Gas & Consumable Fuels,5.157502,72.38,79432.0,1.3960568,,110.909,405.0,4.1,
HINDUNILVR,Fast Moving Consumer Goods,54.84574,43.11,555618.0,11.401127,,3.611,182.0,3.9,
HINDZINC,Metals & Mining,21.290264,27.94,251343.0,18.348242,,88.173,480.0,27.8,
POWERINDIA,Capital Goods,164.47987,191.3,140247.0,30.6011,,1.843,2.0,30.0,
HOMEFIRST,Financial Services,23.616674,48.94,12063.0,2.9749863,,240.452,32.0,34.6,
HONASA,Fast Moving Consumer Goods,73.089775,4.79,11395.0,8.930667,,11.184,0.0,16.2,
HONAUT,Capital Goods,57.15134,572.34,28940.0,6.9045353,,2.215,32.0,7.1,
HUDCO,Financial Services,14.747299,13.89,41007.0,2.2710037,,705.764,280.0,16.1,
HYUNDAI,Automobile and Auto Components,25.63404,71.21,148321.0,8.447953,,4.892,114.0,8.0,
ICICIBANK,Financial Services,18.009626,74.81,965356.0,2.65747,16.36,,80.0,66.9,
ICICIGI,Financial Services,32.89283,55.24,90588.0,5.6326065,17.85,,71.0,12.2,0.279
ICICIAMC,Financial Services,51.36507,66.59,169056.0,40.518383,85.8,,87.0,8.2,6.836
ICICIPRULI,Financial Services,47.762802,11.13,77027.0,5.645409,12.58,19.037,16.0,-78.9,1.132
IDBI,Financial Services,8.568287,8.64,79608.0,1.1415575,14.73,,282.0,,
IDFCFIRSTB,Financial Services,35.842106,1.9,58581.0,1.3068508,,,37.0,-1.1,
IFCI,Financial Services,41.610737,1.49,16705.0,1.922123,,,0.0,,
IIFL,Financial Services,14.242627,29.84,18072.0,1.3918364,,401.134,86.0,65.9,
IRB,Construction,34.28125,0.64,26499.0,1.318272,,102.312,63.0,-16.3,
IRCON,Construction,23.776758,6.54,14625.0,2.271167,,79.151,141.0,-18.9,
ITCHOTELS,Consumer Services,44.47107,3.63,33625.0,3.033714,,0.724,0.0,,
ITC,Fast Moving Consumer Goods,18.787691,16.25,382525.0,5.383815,,0.507,470.0,6.7,
ITI,Telecommunication,,-1.55,28982.0,19.224628,,87.135,0.0,-50.3,
INDGN,Healthcare,27.461536,18.2,12011.0,4.1801877,,4.257,40.0,30.8,
INDIACEM,Construction Materials,,-3.51,19570.0,1.3150456,,13.307,0.0,18.4,
INDIAMART,Consumer Services,21.498007,100.4,12965.0,5.540268,,1.097,138.0,13.4,2.39
INDIANB,Financial Services,10.746783,85.5,123766.0,1.5488436,15.75,,176.0,13.8,
IEX,Financial Services,23.583332,5.4,11331.0,9.055678,,0.299,239.0,14.0,
INDHOTEL,Consumer Services,45.311615,14.12,91071.0,7.871555,,25.013,34.0,11.9,
IOC,Oil Gas & Consumable Fuels,5.642142,25.96,206834.0,1.0228423,,72.631,679.0,5.7,
IOB,Financial Services,14.321137,2.46,67841.0,1.9847887,15.34,,0.0,16.3,
IRCTC,Consumer Services,30.982042,17.82,44168.0,10.354657,,1.836,170.0,18.4,
IRFC,Financial Services,19.711359,5.37,138330.0,2.44119,12.9,744.593,274.0,10.6,10.586
IREDA,Financial Services,20.112574,6.84,38647.0,2.8543866,,554.116,85.0,40.8,89.346
IGL,Oil Gas & Consumable Fuels,14.08074,11.89,23439.0,2.0888333,,0.903,281.0,8.2,
INDUSTOWER,Telecommunication,14.883593,27.06,106211.0,2.8052323,20.31,55.017,0.0,7.9,1.629
INDUSINDBK,Financial Services,,-26.19,67213.0,1.032658,,,0.0,-28.5,
NAUKRI,Consumer Services,49.168274,20.74,66029.0,1.3573321,,0.544,80.0,13.4,
INFY,Information Technology,17.543247,71.68,508865.0,5.9006615,32.68,10.531,355.0,3.2,1.812
INOXWIND,Capital Goods,37.30657,2.74,17676.0,2.007857,,15.713,0.0,32.5,
INTELLECT,Information Technology,27.620447,25.53,9805.0,3.2962487,,3.007,57.0,20.0,
INDIGO,Services,55.012638,83.07,176694.0,18.850079,,866.462,24.0,6.2,
IGIL,Services,30.164557,11.85,15448.0,10.970109,43.0,10.116,138.0,-30.0,5.161
IKS,Information Technology,36.613605,38.95,23904.0,10.639441,,34.186,0.0,24.0,
IPCALAB,Healthcare,42.781494,35.88,38944.0,4.728897,,14.425,27.0,6.6,
JBCHEPHARM,Healthcare,42.4921,47.47,32386.0,8.288033,,1.075,128.0,10.5,
JKCEMENT,Construction Materials,44.0533,132.09,44962.0,6.9357533,,99.562,25.0,18.2,
JBMA,Automobile and Auto Components,195.29596,3.21,14832.0,10.438417,,218.256,14.0,15.6,
JKTYRE,Automobile and Auto Components,17.147789,24.63,12186.0,2.2085044,,89.667,70.0,15.0,
JMFINANCIL,Financial Services,10.73146,12.81,13149.0,1.2786717,,104.102,314.0,31.4,
JSWCEMENT,Construction Materials,,-8.17,16991.0,2.5527935,,75.362,0.0,13.2,
JSWDULUX,Consumer Durables,6.8695307,,13442.0,10.105344,,,0.0,,
JSWENERGY,Power,43.430767,13.0,99151.0,3.3814862,,218.668,36.0,67.4,
JSWINFRA,Services,35.928757,7.72,57812.0,5.6433363,,48.27,29.0,14.2,
JSWSTEEL,Metals & Mining,41.37931,30.45,307801.0,3.7024305,,118.74,22.0,11.1,
JAINREC,Metals & Mining,41.95344,9.88,14304.0,9.837894,,94.847,0.0,55.8,
JPPOWER,Power,30.166666,0.66,13645.0,2.0287344,,27.62,0.0,1.4,
J&KBANK,Financial Services,6.709612,19.56,14452.0,1.0171436,14.64,,162.0,,
JINDALSAW,Capital Goods,13.919501,17.64,15656.0,1.296889,,43.953,82.0,-6.2,
JSL,Metals & Mining,21.767097,35.68,63983.0,14.217329,,37.899,38.0,6.2,
JINDALSTEL,Metals & Mining,65.12095,19.43,128743.0,2.5915802,,38.018,16.0,10.9,
JIOFIN,Financial Services,101.86722,2.41,162107.0,1.1611078,1.21,16.286,21.0,39.4,234.532
JUBLFOOD,Consumer Services,102.43272,4.83,32539.0,14.366398,,2.655,24.0,20.3,
JUBLINGREA,Chemicals,43.649372,16.77,11545.0,3.8006823,,26.51,72.0,-0.5,
JUBLPHARMA,Healthcare,34.164223,27.28,14762.0,2.2410688,,43.867,54.0,16.5,
JWL,Capital Goods,49.70812,5.79,12300.0,4.3649244,,26.721,70.0,-13.5,
JYOTICNC,Capital Goods,48.32905,15.56,17102.0,9.340339,,39.56,0.0,28.1,
KPRMILL,Textiles,37.52023,24.72,31769.0,5.927578,,6.46,54.0,-4.0,
KEI,Capital Goods,54.249504,90.34,46853.0,7.5671926,,3.799,9.0,19.8,
KPITTECH,Information Technology,28.136658,26.27,20149.0,6.1574283,,16.215,112.0,9.4,
KAJARIACER,Consumer Durables,46.29608,25.5,18803.0,6.4166255,,9.676,100.0,0.4,
KPIL,Construction,25.813383,48.87,21543.0,3.0936103,,69.688,71.0,16.3,
KALYANKJIL,Consumer Durables,37.3309,10.94,42177.0,7.904159,,99.88,36.0,41.9,
KARURVYSYA,Financial Services,12.5189085,23.8,28800.0,2.249851,,,72.0,17.5,
KAYNES,Capital Goods,74.183815,59.3,29489.0,6.1483226,,18.899,0.0,21.6,
KEC,Construction,22.439213,25.91,15477.0,2.7421296,,94.066,93.0,12.2,
KFINTECH,Financial Services,48.915424,20.1,16965.0,11.569237,,3.239,76.0,26.2,
KIRLOSENG,Capital Goods,43.17465,37.39,23465.0,6.9539337,,165.651,40.0,28.8,
KOTAKBANK,Financial Services,19.540169,18.92,367721.0,2.187535,,,13.0,24.2,
KIMS,Healthcare,86.666664,7.5,26009.0,11.455763,,123.719,0.0,29.2,
LTF,Financial Services,26.007143,11.2,72987.0,2.762126,,370.75,94.0,26.6,
LTTS,Information Technology,29.19548,118.58,36697.0,5.927402,,10.149,154.0,10.2,
LGEINDIA,Consumer Durables,60.038868,25.73,104857.0,15.249904,,6.876,0.0,-6.4,
LICHSGFIN,Financial Services,5.517898,99.73,30270.0,0.7858701,,679.251,179.0,-2.0,
LTFOODS,Fast Moving Consumer Goods,22.478632,18.72,14620.0,3.4887,,28.488,94.0,23.8,
LTM,Information Technology,28.493416,160.23,135339.0,5.7132382,20.97,9.817,146.0,11.6,3.186
LT,Construction,31.610228,127.87,556030.0,5.484478,,111.847,85.0,11.1,
LATENTVIEW,Information Technology,31.082209,9.61,6181.0,3.7921011,,1.517,0.0,22.0,
LAURUSLABS,Healthcare,71.741646,15.56,60279.0,12.546222,,44.831,15.0,25.7,
THELEELA,Consumer Services,36.96306,11.64,14369.0,2.2278202,,27.671,0.0,23.5,
LEMONTREE,Consumer Services,43.623657,2.79,9638.0,7.793929,,109.554,0.0,14.3,
LENSKART,Consumer Services,156.51602,3.43,92829.0,14.156689,,44.215,0.0,38.3,
LICI,Financial Services,9.732888,83.86,516246.0,4.238855,,,146.0,16.1,
LINDEINDIA,Chemicals,105.00868,69.08,61865.0,16.195326,,,6.0,13.1,
LLOYDSME,Metals & Mining,38.453114,43.83,94813.0,11.340102,,100.054,6.0,201.9,
LODHA,Realty,25.889387,33.45,86506.0,4.0637627,16.9,45.111,48.0,14.4,
LUPIN,Healthcare,23.22345,101.32,107574.0,5.473773,,31.513,52.0,24.3,
MMTC,Services,38.011364,1.76,10035.0,5.2114983,,1.796,0.0,36.0,
MRF,Automobile and Auto Components,25.693893,5262.34,57344.0,2.9496741,,18.678,17.0,15.0,
MGL,Oil Gas & Consumable Fuels,11.930452,96.48,11370.0,1.8311735,,3.545,261.0,11.5,
M&MFIN,Financial Services,16.736307,17.71,41184.0,1.6481408,,435.079,216.0,8.8,
M&M,Automobile and Auto Components,21.884876,139.85,367505.0,4.124831,,132.29,80.0,26.4,
MANAPPURAM,Financial Services,62.579617,4.71,27687.0,1.9837129,,301.609,68.0,-1.7,
MRPL,Oil Gas & Consumable Fuels,15.32232,12.41,33326.0,2.5020394,,81.274,214.0,13.0,
MANKIND,Healthcare,53.46707,43.12,95178.0,6.226655,,53.892,9.0,10.4,
MARICO,Fast Moving Consumer Goods,58.550343,13.21,100212.0,24.744066,,13.671,136.0,26.6,
MARUTI,Automobile and Auto Components,27.81803,474.8,415263.0,4.1632757,,0.1,101.0,28.7,
MFSL,Financial Services,378.0142,4.23,55184.0,20.062988,,12.673,0.0,-40.2,
MAXHEALTH,Healthcare,68.604256,14.58,97344.0,9.7383,,32.579,15.0,10.7,
MAZDOCK,Capital Goods,44.82932,59.76,108066.0,12.128209,,0.021,71.0,14.6,
MEESHO,Consumer Services,,-5.72,80965.0,54.53789,,8.629,0.0,31.3,
MINDACORP,Automobile and Auto Components,44.850246,12.02,12688.0,5.195393,,62.969,28.0,24.6,
MSUMI,Automobile and Auto Components,43.106384,0.94,26871.0,14.544149,,13.718,266.0,25.6,
MOTILALOFS,Financial Services,24.006088,32.85,47519.0,3.676268,,121.038,136.0,3.7,
MPHASIS,Information Technology,24.317724,94.17,43697.0,4.292328,18.7,23.617,245.0,12.4,1.302
MCX,Financial Services,112.918175,25.05,71992.0,23.109478,,0.024,22.0,114.9,
MUTHOOTFIN,Financial Services,16.321722,217.33,142489.0,3.9978585,26.69,384.601,84.0,76.5,153.357
NATCOPHARM,Healthcare,12.418075,86.97,19344.0,2.2365806,,3.012,61.0,36.3,
NBCC,Construction,38.619835,2.42,25234.0,9.42327,,0.011,72.0,9.5,
NCC,Construction,14.439617,11.51,10435.0,1.3872542,,37.893,134.0,-8.9,
NHPC,Power,52.64103,1.56,82490.0,1.9940752,,100.41,231.0,-2.9,
NLCINDIA,Power,15.575223,19.21,41488.0,1.9057933,,82.0,239.0,-0.3,
NMDC,Metals & Mining,11.138854,7.85,76876.0,2.3685565,,11.21,395.0,15.9,
NSLNISP,Metals & Mining,,-2.76,12185.0,0.93951243,,40.766,0.0,41.9,
NTPCGREEN,Power,165.43478,0.69,96187.0,5.130337,,115.845,0.0,29.3,
NTPC,Power,22.298119,18.08,390921.0,2.0338411,,118.127,280.0,8.0,
NH,Healthcare,46.770397,38.24,36324.0,8.948227,,57.614,25.0,57.4,
NATIONALUM,Metals & Mining,13.195275,33.44,81132.0,4.083228,,0.282,344.0,1.5,
NAVA,Power,22.380045,31.47,19932.0,2.4631298,,15.987,129.0,17.6,
NAVINFLUOR,Chemicals,58.27071,107.79,32213.0,8.905278,,32.677,21.0,47.2,
NESTLEIND,Fast Moving Consumer Goods,77.44353,18.15,271044.0,61.123672,76.34,8.613,86.0,23.8,0.964
NETWEB,Information Technology,125.716095,31.63,22642.0,38.920208,,3.108,6.0,141.0,
NEULANDLAB,Healthcare,108.79961,140.12,19559.0,12.072532,,16.327,8.0,10.5,1.424
NEWGEN,Information Technology,22.769085,21.09,6761.0,7.102605,,3.254,105.0,5.0,
NAM-INDIA,Financial Services,46.962452,22.37,67037.0,15.239499,,1.938,170.0,29.4,
NIVABUPA,Financial Services,Infinity,0.0,14532.0,4.1080008,7.96,7.296,0.0,65.8,
NUVAMA,Financial Services,24.712374,55.28,24869.0,6.4933643,,237.583,203.0,6.8,
NUVOCO,Construction Materials,29.786707,10.08,10724.0,1.167988,3.74,48.061,0.0,8.7,0.447
OBEROIRLTY,Realty,27.939552,61.54,62518.0,3.7344975,,18.083,46.0,5.8,
ONGC,Oil Gas & Consumable Fuels,9.4973545,30.24,361306.0,0.98158175,,43.805,652.0,0.8,
OIL,Oil Gas & Consumable Fuels,13.190569,35.84,76898.0,1.3675271,,58.174,404.0,-0.1,
OLAELEC,Automobile and Auto Components,,-5.05,15776.0,3.8082693,,71.879,0.0,-55.0,
OLECTRA,Automobile and Auto Components,70.734024,17.37,10085.0,8.981097,,32.542,3.0,28.8,
PAYTM,Financial Services,,-2.79,73342.0,4.752403,,1.045,0.0,20.0,
ONESOURCE,Healthcare,981.9774,1.77,19926.0,3.3548615,,21.928,0.0,-26.0,
OFSS,Information Technology,31.532822,279.55,76721.0,11.101764,33.51,0.457,160.0,14.6,4.913
POLICYBZR,Financial Services,133.792,12.5,77465.0,11.333235,,4.859,0.0,37.1,
PCBL,Chemicals,43.366863,6.76,11535.0,2.859233,,135.218,207.0,-8.2,
PGEL,Consumer Durables,56.63088,9.78,15811.0,5.8520527,,20.346,4.0,45.9,
PIIND,Chemicals,32.18727,95.69,46725.0,4.3156533,,2.237,49.0,-27.6,
PNBHOUSING,Financial Services,11.449226,87.84,26203.0,1.4569303,,261.907,54.0,10.6,
PTCIL,Capital Goods,364.03207,43.65,23823.0,16.816576,,12.655,0.0,132.4,
PVRINOX,Media Entertainment & Publication,459.54126,2.18,9838.0,1.3825655,,105.057,0.0,9.5,
PAGEIND,Textiles,55.810932,670.03,41710.0,29.599567,,19.029,132.0,5.6,
PARADEEP,Chemicals,13.351085,10.14,14055.0,2.1789446,,87.038,73.0,40.0,
PATANJALI,Fast Moving Consumer Goods,30.927393,15.15,50983.0,4.2079787,,23.903,74.0,15.2,
PERSISTENT,Information Technology,42.791443,118.72,79368.0,10.141152,26.35,6.092,87.0,25.1,2.427
PETRONET,Oil Gas & Consumable Fuels,11.364687,24.24,41322.0,1.9567704,,11.871,358.0,-8.7,
PFIZER,Healthcare,25.612852,186.75,21882.0,5.6858854,,2.334,73.0,19.9,
PHOENIXLTD,Realty,58.835526,30.4,63967.0,5.927934,,33.657,14.0,15.0,
PWL,Consumer Services,,-0.85,30802.0,49.408257,,67.044,0.0,33.7,
PIDILITIND,Chemicals,62.52007,22.42,142662.0,14.935853,,4.539,70.0,10.1,
PINELABS,Financial Services,890.0,0.22,22483.0,5.250315,,23.128,0.0,23.7,
PIRAMALFIN,Financial Services,68.14039,27.21,41904.0,1.5318291,,261.148,0.0,55.9,
PPLPHARMA,Healthcare,,-1.25,21851.0,2.7041242,,60.083,9.0,-2.9,
POLYMED,Healthcare,43.879463,34.18,15220.0,5.2092667,,8.169,24.0,16.4,
POLYCAB,Capital Goods,46.464443,174.23,121878.0,10.861282,25.96,2.089,44.0,46.1,1.86
POONAWALLA,Financial Services,94.69663,4.45,36890.0,3.3336499,,425.941,0.0,,3.738
PFC,Financial Services,6.1456428,76.42,154989.0,1.2205231,,603.342,310.0,11.5,
POWERGRID,Power,20.587667,15.57,298131.0,3.0089831,,141.186,383.0,10.3,
PREMIERENE,Capital Goods,35.930565,27.94,45306.0,13.01957,,46.964,8.0,13.0,
PRESTIGE,Realty,62.34326,22.49,60393.0,3.8157365,6.32,89.294,13.0,134.1,
PNB,Financial Services,7.349903,15.49,130847.0,0.8786078,12.71,,253.0,15.2,
RRKABEL,Capital Goods,35.794464,40.09,16231.0,6.935785,,16.78,55.0,42.3,
RBLBANK,Financial Services,26.632826,11.82,19466.0,1.1931382,,,33.0,40.8,
RECLTD,Financial Services,5.8070683,65.36,99944.0,1.196941,21.47,666.088,605.0,2.3,
RHIM,Capital Goods,49.34495,8.32,8478.0,2.1167827,,10.315,60.0,8.0,
RITES,Construction,25.895227,8.59,10691.0,4.065504,,0.285,340.0,5.7,
RADICO,Fast Moving Consumer Goods,83.18477,38.59,43012.0,15.598456,,20.939,15.0,19.5,
RVNL,Construction,55.761818,5.5,63945.0,6.717556,,52.108,88.0,2.6,
RAILTEL,Telecommunication,33.309788,9.91,10594.0,5.0153456,,3.341,116.0,19.0,
RAINBOW,Healthcare,50.53904,25.23,12935.0,8.530523,,53.24,23.0,11.9,
RKFORGE,Automobile and Auto Components,46.140938,11.92,9980.0,3.2126355,,88.73,36.0,2.3,
REDINGTON,Services,9.800709,22.58,17301.0,1.9200569,,27.764,301.0,15.7,
RELIANCE,Oil Gas & Consumable Fuels,21.942049,61.43,1824042.0,2.0797076,,35.651,40.0,10.4,
RPOWER,Power,44.492756,0.69,12697.0,0.76925004,,92.224,0.0,1.1,
SBFC,Financial Services,25.206266,3.83,10674.0,3.0678785,,179.825,0.0,23.4,
SBICARD,Financial Services,31.30237,21.96,65413.0,4.422769,,332.839,36.0,26.0,
SBILIFE,Financial Services,74.14337,24.69,183626.0,9.653943,13.92,,14.0,144.5,0.974
SJVN,Power,48.707317,1.64,31391.0,2.1617818,,202.556,181.0,61.3,
SRF,Chemicals,42.093872,60.08,74961.0,5.650008,,34.719,40.0,6.3,
SAGILITY,Information Technology,23.47514,1.81,19891.0,2.260828,,13.851,24.0,35.7,
SAILIFE,Healthcare,65.41165,15.79,21874.0,9.548484,,18.397,0.0,26.5,
SAMMAANCAP,Financial Services,7.8971148,18.37,16622.0,0.52749276,,203.545,0.0,-11.2,
MOTHERSON,Automobile and Auto Components,39.052467,3.24,133252.0,3.612872,,49.937,44.0,14.5,
SAPPHIRE,Consumer Services,,-0.55,5597.0,3.9883065,,99.226,0.0,7.6,
SARDAEN,Metals & Mining,19.863106,29.95,20963.0,2.995604,,37.709,25.0,-3.3,
SAREGAMA,Media Entertainment & Publication,34.36373,9.98,6583.0,3.962953,,0.185,262.0,-46.1,
SCHAEFFLER,Automobile and Auto Components,57.111298,73.77,65852.0,10.888336,20.21,0.904,82.0,27.5,2.592
SCHNEIDER,Capital Goods,111.48583,10.23,27270.0,41.394455,,80.084,0.0,20.1,
SCI,Services,12.217338,24.34,13851.0,1.6240764,,32.955,439.0,22.5,0.645
SHREECEM,Construction Materials,50.786205,496.69,91014.0,9.877496,,38.149,62.0,5.2,
SHRIRAMFIN,Financial Services,20.984146,48.57,239786.0,3.1641366,,279.083,141.0,21.4,
SHYAMMETL,Capital Goods,24.18919,34.78,23412.0,2.1363907,,9.426,55.0,17.8,
ENRIN,Capital Goods,97.40652,33.16,115027.0,26.253973,,3.369,13.0,26.0,
SIEMENS,Capital Goods,81.224625,47.28,136761.0,10.32858,11.81,,39.0,14.0,2.544
SIGNATURE,Realty,3307.6924,0.26,12084.0,16.623497,,356.187,0.0,-65.6,
SOBHA,Realty,106.306305,13.32,15145.0,3.2850628,,23.042,22.0,-23.0,
SOLARINDS,Chemicals,96.93814,160.36,140667.0,27.497652,,16.425,7.0,29.2,
SONACOMS,Automobile and Auto Components,58.291203,9.89,35849.0,6.2718945,,3.604,54.0,38.2,
SONATSOFTW,Information Technology,17.043396,15.9,7501.0,4.2444983,,41.695,304.0,8.4,
STARHEALTH,Financial Services,68.2058,7.58,30420.0,3.998515,,6.183,0.0,10.2,
SBIN,Financial Services,11.945594,91.9,1013337.0,1.7116725,,,144.0,14.5,
SAIL,Metals & Mining,26.056297,6.75,72648.0,1.2511649,,57.763,91.0,11.8,
SUMICHEM,Chemicals,41.94184,10.66,22317.0,6.9823375,,1.82,27.0,-11.5,
SUNPHARMA,Healthcare,37.2347,45.42,405776.0,5.2123203,,6.675,99.0,13.5,
SUNTV,Media Entertainment & Publication,15.851223,40.06,25024.0,2.0247176,,1.183,77.0,4.2,
SUNDARMFIN,Financial Services,25.93911,186.56,53334.0,3.525161,,377.039,75.0,18.6,
SUPREMEIND,Capital Goods,56.842594,64.23,46398.0,8.105516,,5.629,95.0,7.1,
SPLPETRO,Chemicals,58.425865,14.23,15634.0,7.039439,,6.558,124.0,-8.9,
SUZLON,Capital Goods,22.991526,2.36,74420.0,9.497637,,5.051,0.0,42.4,
SWANCORP,Chemicals,,-3.89,10853.0,0.9399287,,28.231,3.0,-39.7,
SWIGGY,Consumer Services,,-18.63,76129.0,6.949185,,25.426,0.0,54.0,
SYNGENE,Healthcare,49.88532,8.72,17481.0,3.691352,,12.283,29.0,-2.8,
SYRMA,Capital Goods,64.852646,15.27,19076.0,6.565365,,11.483,15.0,45.4,
TBOTEK,Consumer Services,56.501545,22.61,13610.0,9.851172,,51.855,0.0,85.8,
TVSMOTOR,Automobile and Auto Components,76.43105,46.12,167517.0,50.132973,,346.085,33.0,31.7,
TATACAP,Financial Services,32.735126,10.42,143831.0,3.778664,,567.967,0.0,42.7,
TATACHEM,Chemicals,110.95462,6.39,18062.0,0.808637,,32.125,155.0,-1.1,
TATACOMM,Telecommunication,43.368855,36.6,45238.0,15.892866,,467.533,165.0,6.7,
TCS,Information Technology,18.770395,136.06,924023.0,8.140517,48.4,10.389,248.0,9.6,2.228
TATACONSUM,Fast Moving Consumer Goods,79.427605,14.85,116735.0,5.741811,,11.869,70.0,15.0,
TATAELXSI,Information Technology,42.470974,100.77,26662.0,9.865813,21.3,5.336,172.0,25.3,3.921
TATAINVEST,Financial Services,83.94859,8.56,36358.0,1.1430498,1.44,,37.0,153.9,783.598
TMCV,Capital Goods,7.2181935,60.68,161286.0,15.73615,,87.545,0.0,15.4,
TMPV,Automobile and Auto Components,33.41635,10.64,130929.0,1.182565,,56.134,166.0,-38.3,
TATAPOWER,Power,36.572514,11.86,138598.0,3.6609244,,156.16,52.0,-9.4,
TATASTEEL,Metals & Mining,28.693876,7.35,263031.0,2.766954,,99.699,169.0,6.3,
TATATECH,Information Technology,43.698315,13.06,23173.0,6.4911284,,6.918,145.0,3.7,
TTML,Telecommunication,,-5.63,8643.0,-0.43801767,,,0.0,-11.6,
TECHM,Information Technology,26.42278,54.26,127036.0,4.619147,,6.992,300.0,8.3,
TECHNOE,Construction,31.302624,40.38,14700.0,3.7767193,,1.573,72.0,37.1,
TEGA,Capital Goods,57.150433,30.18,12958.0,7.7817082,,20.696,12.0,-1.4,
TEJASNET,Telecommunication,,-51.36,7170.0,2.1506522,-26.82,142.52,61.0,-82.6,1.199
TENNIND,Automobile and Auto Components,40.614956,14.31,,25.561861,,2.447,0.0,14.2,
NIACL,Financial Services,23.292818,7.24,27792.0,0.6344477,,,111.0,12.7,
RAMCOCEM,Construction Materials,39.588478,24.3,22731.0,3.0094852,,62.153,20.0,6.2,
THERMAX,Capital Goods,68.272896,60.39,46445.0,9.194731,,35.784,35.0,5.1,
TIMKEN,Capital Goods,63.705574,57.4,27505.0,9.940845,,0.55,99.0,16.1,
TITAGARH,Capital Goods,55.01859,13.45,9966.0,3.9404671,,25.09,13.0,-7.8,
TITAN,Consumer Durables,82.50464,53.9,394469.0,30.801306,,223.018,25.0,43.3,
TORNTPHARM,Healthcare,61.81221,66.99,140143.0,16.598587,,33.4,86.0,17.6,
TORNTPOWER,Power,27.04033,62.98,85815.0,4.562589,,53.715,121.0,4.3,
TARIL,Capital Goods,36.411564,8.82,9640.0,7.164209,19.33,29.595,6.0,19.0,1.815
TRAVELFOOD,Consumer Services,40.124763,32.06,16939.0,14.30621,,23.659,0.0,11.0,
TRENT,Consumer Services,89.50765,48.34,153850.0,25.211514,27.13,36.034,11.0,19.9,1.264
TRIDENT,Textiles,32.6125,0.8,13294.0,2.8535492,,34.742,192.0,-5.6,
TRITURBINE,Capital Goods,53.9415,10.77,18468.0,14.201726,,2.946,79.0,24.0,
TIINDIA,Automobile and Auto Components,99.578606,30.85,59459.0,7.903186,,27.724,16.0,20.7,
UCOBANK,Financial Services,13.048544,2.06,33706.0,1.0153742,8.57,,144.0,0.5,
UNOMINDA,Automobile and Auto Components,57.267647,19.69,65110.0,10.423465,,43.136,21.0,19.9,
UPL,Chemicals,31.075525,20.92,54952.0,1.6699075,,79.613,92.0,12.5,
UTIAMC,Financial Services,24.425383,43.42,13630.0,3.098496,,3.024,244.0,23.8,
ULTRACEMCO,Construction Materials,46.27678,260.93,355210.0,4.9308076,,33.192,64.0,27.0,
UNIONBANK,Financial Services,7.688155,24.82,145664.0,1.1116226,15.56,,245.0,,
UBL,Fast Moving Consumer Goods,95.99353,15.45,39214.0,9.0256815,,17.864,67.0,3.6,
UNITDSPR,Fast Moving Consumer Goods,57.321503,24.23,101029.0,11.737712,,4.898,86.0,7.6,
URBANCO,Consumer Services,,-0.53,22821.0,9.690263,,6.017,0.0,32.9,
USHAMART,Capital Goods,30.6611,14.37,13435.0,4.516056,,8.912,67.0,6.6,
VTL,Textiles,20.299145,28.08,16489.0,1.5978158,,14.465,88.0,1.6,
VBL,Fast Moving Consumer Goods,54.257812,8.96,164421.0,8.397678,16.79,12.705,30.0,14.0,1.938
VEDL,Metals & Mining,20.609215,36.03,290201.0,7.2142663,,190.255,449.0,-40.4,
VIJAYA,Healthcare,66.21535,15.51,10567.0,12.205413,,42.224,19.0,21.4,
VMM,Consumer Services,75.329346,1.67,58789.0,8.417531,,27.12,0.0,17.0,
IDEA,Telecommunication,,-2.63,103251.0,-1.2518061,,,0.0,1.9,
VOLTAS,Consumer Durables,95.5129,15.11,47753.0,7.5437374,,27.449,47.0,-1.1,
WAAREEENER,Capital Goods,30.460073,113.46,99412.0,8.643933,,25.128,12.0,118.8,
WELCORP,Capital Goods,16.70601,73.71,32473.0,3.9705164,,18.258,44.0,25.4,
WELSPUNLIV,Textiles,55.2653,2.45,12952.0,2.8010507,,54.975,127.0,-9.1,
WHIRLPOOL,Consumer Durables,36.271446,26.23,12075.0,1.4785829,,6.334,54.0,4.0,
WIPRO,Information Technology,16.227526,12.57,213751.0,2.3826098,15.49,22.853,833.0,7.7,2.049
WOCKPHARMA,Healthcare,1118.9314,1.31,23818.0,5.2046647,,50.369,0.0,23.2,
YESBANK,Financial Services,17.794643,1.12,62574.0,1.2653165,7.09,,0.0,19.8,
ZFCVINDIA,Automobile and Auto Components,57.172226,262.68,28486.0,8.350752,,,13.0,32.7,
ZEEL,Media Entertainment & Publication,15.630953,5.88,8828.0,0.7682727,,2.465,277.0,14.2,
ZENTEC,Capital Goods,58.80734,29.43,15565.0,8.660384,,0.976,11.0,16.8,
ZENSARTECH,Information Technology,17.903225,32.24,13088.0,3.0644915,,2.741,231.0,7.9,
ZYDUSLIFE,Healthcare,19.335032,49.1,95527.0,3.7748713,,34.305,118.0,30.3,
ZYDUSWELL,Fast Moving Consumer Goods,78.5131,6.49,16212.0,2.8405068,,53.314,24.0,108.9,
ECLERX,Services,21.504744,69.58,13944.0,5.3568044,,15.04,3.0,25.4,
