Date,Open,High,Low,Close,Volume,SMA_50,SMA_200,RSI_Daily,MACD_12_26_9,MACDh_12_26_9,MACDs_12_26_9,BBL_20_2.0_2.0,BBM_20_2.0_2.0,BB_Upper,BBB_20_2.0_2.0,BBP_20_2.0_2.0,ADX_14,ADXR_14_2,DMP_14,DMN_14,ATRr_14,RSI_Weekly,RSI_Monthly
2025-03-28,5418.256165751845,5521.1670103977785,5285.421050262028,5320.54052734375,1535964,5301.764941406251,6299.7496044921845,54.5572885291787,1.0750952051403146,61.645762803653625,-60.57066759851331,4781.480493432824,5097.448950195312,5413.4174069578,12.397120985405124,0.8530282412274696,16.704804030399636,16.610785328744157,26.025691718527295,17.06334963011974,188.74883910198594,40.618568823373316,53.83407221381575
2025-04-01,5346.218484675894,5610.089981377512,5329.58299422977,5571.9228515625,2260895,5288.980019531251,6302.490729980465,62.32736147494449,30.300795792977624,72.69717071319275,-42.39637492021512,4775.157989087474,5133.677563476563,5492.197137865652,13.96735848545568,1.111187393091018,17.436170407658743,16.912995615835676,26.520198335209102,15.262339267470468,195.94888302568424,43.18534691476116,57.448115806784955
2025-04-02,5625.676312865825,5697.064664849593,5511.025634105479,5677.58154296875,1491897,5280.837080078127,6305.781130371091,65.03360510091196,61.28172980397085,82.94248377934878,-21.66075397537793,4749.182799341828,5170.425732421875,5591.668665501922,16.294322938963592,1.1019754525478322,18.50950532801107,17.60715467920535,27.897132354421387,14.223553403690856,195.2410364341435,43.18534691476116,57.448115806784955
2025-04-03,5625.126614318799,5746.021875479114,5605.143926523705,5670.38720703125,960710,5279.605136718752,6307.928020019529,64.6928305338392,84.2822669195175,84.75441671591634,-0.47214979639884547,4736.378491006304,5204.171484375001,5671.964477743697,17.977616409190116,0.9983141360229781,19.71741307146504,18.57679173956189,28.257575115546018,13.475596522415358,191.35795875709104,43.18534691476116,57.448115806784955
2025-04-04,5683.076734724474,5683.076734724474,5539.600930558791,5558.03515625,680922,5278.336240234376,6308.953381347653,59.453434052307564,92.37959232470985,74.28139369688695,18.098198627822892,4736.287075135473,5226.989233398438,5717.691391661403,18.775709547192793,0.8373185926300287,20.264630411016974,19.38706786951402,26.716686053466056,15.231830091415953,187.93780485770472,43.18534691476116,57.448115806784955
2025-04-07,5002.26664953246,5002.26664953246,4484.11542467938,4736.8466796875,7644740,5258.500429687501,6305.876799316403,36.30771900584768,32.16297914345432,11.251824412505144,20.91115473094918,4676.989617268761,5210.5759765625,5744.162335856238,20.480897378479604,0.05608938588494487,21.47770415553395,20.597558613499494,18.558975162511878,40.590933831292645,251.2222281943415,46.562212778306936,57.448115806784955
2025-04-08,4898.75598751888,4959.752947798249,4680.145574857071,4763.07373046875,3035242,5244.0479492187515,6303.029516601559,37.14929837739441,-13.289622336728826,-27.360621654142403,14.070999317413577,4636.309025086944,5198.953540039063,5761.598054991183,21.64452944689681,0.11265079638481316,22.60412977544257,21.43438009322977,17.09536448858383,37.38982366761341,253.24973853340128,46.562212778306936,57.448115806784955
2025-04-09,4762.873913700557,4763.073935733607,4601.014133121684,4616.201171875,1598513,5228.213671875002,6299.801564941404,34.40748965307189,-60.46551566529979,-59.629211986170695,-0.836303679129097,4595.457492629493,5189.986303710938,5784.515114792383,22.910611947331965,0.01744547855281788,23.839475561963486,22.65858985874872,16.293330427475937,37.92647459336693,246.73617168186715,46.562212778306936,57.448115806784955
2025-04-11,4778.360128260205,4825.819010872303,4656.715518617616,4776.41162109375,1894062,5214.734335937501,6296.728225097653,39.64067119483836,-83.95729921108614,-66.49679642556563,-17.460502785520507,4562.271491911817,5179.250561523438,5796.229631135058,23.82503268697396,0.17353921691114338,24.638614254932023,23.621372015187298,17.130022684061622,35.59998115013858,244.0848622043983,46.562212778306936,57.448115806784955
2025-04-15,4874.777077533096,4980.685331318401,4826.319055753969,4872.77880859375,1587931,5200.3438085937505,6294.421225585935,42.60683254336913,-93.71835342261602,-61.00628050967641,-32.71207291293961,4544.424496809919,5172.339062500001,5800.253628190083,24.279713997967693,0.26146416226462865,24.563592109726876,24.201533835845183,20.679350768276056,33.4467893670569,241.2412084915592,38.46019099923704,57.448115806784955
2025-04-16,4917.7398397161405,5045.129484080994,4847.800427123672,5031.1416015625,1589998,5190.838046875002,6292.781147460935,47.19883903246146,-87.66495824129197,-43.96230826268189,-43.70264997861008,4545.729065764791,5172.993505859376,5800.25794595396,24.25150696145631,0.3869281476601114,24.171043364449343,24.404828809690684,21.38845635498935,31.466860415705234,238.1046262391137,38.46019099923704,57.448115806784955
2025-04-17,5047.627030975904,5139.547396543953,4949.711858957765,5126.05908203125,1464066,5178.394824218752,6291.789506835936,49.79179264510591,-74.35147402204802,-24.51905923475035,-49.83241478729767,4543.969126146194,5171.542260742188,5799.115395338182,24.270250650757653,0.46376264677086754,23.34249487859111,23.953043494158994,23.026563384261266,29.64854304744069,234.6568341924762,38.46019099923704,57.448115806784955
2025-04-21,5175.516160651819,5369.847800274749,5121.562903378615,5355.3603515625,1309441,5161.819179687502,6291.190773925779,55.47972072850221,-44.7815321324324,4.040706123892221,-48.822238256324624,4548.719379286533,5181.556079101563,5814.392778916594,24.426511656118517,0.6373215811533508,21.785180996660323,22.97811218055483,28.274765109476643,27.417055090540718,235.63026724273743,43.21982902470058,57.448115806784955
2025-04-22,5374.344106281115,5413.809916319803,5295.412486203739,5318.392578125,1166872,5145.591240234376,6290.228359374997,54.40954283388605,-24.0528640642724,19.815499353641783,-43.86836341791418,4550.618012188257,5186.159594726562,5821.7011772648675,24.509140952181355,0.6040317321726685,20.5157865698946,21.929140724242856,28.604333589389583,26.3967765693366,227.25649316226077,43.21982902470058,57.448115806784955
2025-04-23,5345.86859658861,5377.341330126138,5205.989780866265,5324.38720703125,970478,5137.172539062501,6289.194755859373,54.562601828997586,-7.060143880865326,29.446575629639085,-36.50671951050441,4553.081163184454,5191.52744140625,5829.973719628045,24.595700800104286,0.6040492913476152,19.151220452792128,20.468200724726223,27.03623079962001,27.810591657490715,223.26328288351877,43.21982902470058,57.448115806784955
2025-04-24,5306.402909582072,5394.32673862429,5251.450516430685,5318.89208984375,1039905,5128.650917968751,6288.342492675779,54.38236549584182,5.895341431701127,33.92164875376443,-28.026307322063303,4559.670488151956,5200.192456054688,5840.714423957419,24.634548560100267,0.5926585189402027,17.807649096391753,19.16171783314318,26.325530884841267,26.505802734438117,217.52134997709638,43.21982902470058,57.448115806784955
2025-04-25,5329.382784598214,5351.3637409651365,5100.581011506165,5140.54638671875,1030377,5126.011201171876,6286.082199707029,48.75347008231859,1.7514594024378312,23.822213379600907,-22.070753977163076,4567.36277001591,5204.703515625,5842.04426123409,24.49095298880077,0.4496681097605512,17.212982285840507,18.182101369316317,24.181025697642696,29.2472637319019,219.89716279723032,43.21982902470058,57.448115806784955
2025-04-28,5120.064297581717,5247.453935193517,5110.572520661622,5204.99072265625,982085,5121.117441406251,6284.031975097655,50.737676117141106,3.6257272388847923,20.557184972838293,-16.9314577339535,4568.685413762445,5205.924975585938,5843.164537409431,24.481319450892414,0.4992669531321825,16.66079167604292,17.234220386217338,23.076073670646004,27.91080994583184,213.96746649256357,43.41511009884551,57.448115806784955
2025-04-29,5216.480596084404,5505.230431799476,5170.520414621105,5386.8330078125,1420743,5125.009062500001,6283.019101562499,55.923568926501325,19.558789148976757,29.192197506344208,-9.633408357367449,4568.852818954352,5209.399438476563,5849.9460579987735,24.591956408300767,0.6385016827255184,15.996192881377215,16.60458758360886,28.86946053411835,24.913002802438395,222.59193439869264,43.41511009884551,57.448115806784955
2025-04-30,5430.295742678377,5430.295742678377,5115.568390526824,5168.02294921875,2709549,5123.893027343752,6280.919169921874,49.21046739179037,14.364131679046295,19.198032029130996,-4.8339003500847,4563.7707218360365,5196.920263671876,5830.069805507715,24.366336588296555,0.4771797083124022,15.11753633285903,15.889164004450976,26.037536474327315,24.18192670611061,229.17303566675406,43.41511009884551,55.92836282257693
2025-05-02,5168.022560175879,5263.939460277742,5125.0597820052535,5149.53857421875,756554,5122.228466796875,6278.850959472655,48.678860125824784,8.656012502558951,10.79193028211492,-2.1359177795559696,4557.635740702031,5188.370166015626,5819.10459132922,24.31339342150148,0.4692171615830473,14.301640966377859,15.148916923877536,24.87783957815847,23.10487760155689,222.72351013859225,43.41511009884551,55.92836282257693
2025-05-05,5170.520777569593,5377.341608672376,5150.538088574155,5365.8515625,1310015,5124.5005078125,6277.5283569335925,54.828634060422175,21.340932298373446,18.781480062343533,2.5594522360299137,4567.297145141733,5178.0666015625,5788.836057983267,23.590637333110582,0.6537281857854826,14.063147494321022,14.590341913590027,26.694230379399837,21.419635983184925,223.08633330395185,43.5448964763115,55.92836282257693
2025-05-06,5376.342125791868,5418.805337155212,5205.490145953472,5219.47802734375,709414,5126.63166015625,6275.393955078124,50.42535257268001,19.359536943047715,13.440067765614241,5.919469177433474,4590.660043524919,5155.161425781251,5719.662808037582,21.900434753923648,0.5569676209696987,14.02521981401941,14.163430390198634,26.197059006350894,19.952083251227133,222.38839458236532,43.5448964763115,55.92836282257693
2025-05-07,5140.546389331376,5266.437321315002,5138.048553379321,5228.47021484375,711009,5129.36029296875,6273.183120117186,50.68736068962449,18.303865659609073,9.90751718574048,8.396348473868594,4621.351091287115,5133.065576171874,5644.780061056634,19.937967956621527,0.5932205766007984,13.599804682959306,13.831476088640164,25.083140375494008,21.33728672692307,215.67413553617362,43.5448964763115,55.92836282257693
2025-05-08,5228.470447983683,5314.396008565872,5175.016756226158,5221.97607421875,926044,5133.931337890625,6271.080942382811,50.47986250901852,16.750130608086693,6.683025707374478,10.067104900712215,4642.652791750362,5116.262622070312,5589.872452390263,18.513898339655707,0.6116039463085281,13.438140187475767,13.731680000747588,25.524776873167397,20.32681083228326,210.22450102214083,43.5448964763115,55.92836282257693
2025-05-09,5059.117065644558,5202.992420133117,5059.117065644558,5108.57421875,778167,5136.360224609375,6270.104287109375,46.871527304384585,6.295630281233571,-3.017179695582916,9.312809976816487,4696.03519722518,5134.8489990234375,5573.662800821695,17.091595171803977,0.4700615840183655,12.614747772848453,13.10727622790388,24.089259184541906,23.18599622711013,206.84125156157302,43.5448964763115,55.92836282257693
2025-05-12,5325.386603701928,5473.258501891024,5220.477486743447,5436.29052734375,1203631,5143.184316406251,6271.47634765625,56.53969289659788,24.17564888412562,11.890271125847306,12.285377758278315,4746.824629014978,5168.509838867188,5590.195048719397,16.317477299980634,0.817512545164215,13.078600730369388,13.258370458922577,30.06303151046964,20.416965738944665,218.11575381724808,43.06035418490529,55.92836282257693
2025-05-13,5439.287946323806,5451.777126950008,5315.395274511875,5321.8896484375,728870,5148.745498046876,6272.057343750001,52.919369240386615,28.782708459292735,13.197864560811535,15.5848438984812,4867.180109682678,5203.794262695313,5540.408415707947,12.937258316522469,0.6754165484208782,13.509321333781685,13.062034553315069,28.683419026295194,19.48001762003655,212.27761800445415,43.06035418490529,55.92836282257693
2025-05-14,5335.377928958994,5407.315608900014,5286.919908443168,5357.35888671875,557468,5154.660380859376,6272.547919921876,53.904868262399006,34.89367490148379,15.447064802402075,19.446610099081717,4956.6763996213285,5232.841625976563,5509.006852331797,10.555076805088504,0.725439789045018,13.730827408073269,13.404714069221328,27.48433755141974,19.654401444656443,205.71462389391067,43.06035418490529,55.92836282257693
2025-05-15,5357.35889052695,5625.126921608864,5306.902601088007,5572.67236328125,1521892,5167.001689453125,6273.999912109375,59.453336257379625,56.45982423409441,29.610571308010154,26.849252926084258,5006.819465642276,5267.8363037109375,5528.853141779599,9.909831020557265,1.0839394535346485,14.814039963600777,14.161680648691231,31.84018843435145,17.564350189049687,213.75103079583542,43.06035418490529,55.92836282257693
2025-05-16,5589.157959115563,5605.643677085782,5540.200372416124,5578.16748046875,808195,5182.5422265625,6275.363979492188,59.587035566143086,73.15132010526759,37.04165374334666,36.10966636192093,5024.1522754404095,5295.18759765625,5566.22291987209,10.237043247941035,1.022035062623956,15.819880193733464,14.775353800903368,31.107566874697245,17.160206172868822,203.15762178682274,43.06035418490529,55.92836282257693
2025-05-19,5605.144244843272,5634.11914379166,5525.213489123581,5546.1953125,604580,5196.51912109375,6276.151547851563,58.38082242399201,82.84458329907466,37.38793354972298,45.456649749351676,5035.4021508979695,5316.194409179688,5596.986667461406,10.5636565057464,0.9095570595994725,16.864845812949056,15.839442888274917,30.91111154489596,16.48061553760001,196.42533842119815,49.9374880387226,55.92836282257693
2025-05-20,5599.149476156069,5599.149476156069,5428.297484645954,5444.783203125,748551,5206.562421875,6275.812343750001,54.605036270284955,81.4050675799881,28.758734264509137,52.64633331547896,5034.451913095143,5320.665551757813,5606.879190420483,10.758565291445997,0.7168269338021862,17.144282240438447,16.482081217085955,28.972607272270672,19.004437820297063,194.59867078469222,49.9374880387226,55.92836282257693
2025-05-21,5445.7820267111865,5532.706719184148,5365.351707813792,5438.7880859375,607763,5215.428740234374,6274.9281079101565,54.38112399426366,78.87130582979353,20.97997801145165,57.89132781834188,5035.649179709916,5326.685327148438,5617.72147458696,10.927476641250129,0.6925925005806068,16.978408247977896,16.921627030463476,27.174882609473773,20.159028384567048,192.65269511223963,49.9374880387226,55.92836282257693
2025-05-22,5436.290282380487,5444.283357598102,5280.425315636992,5337.3759765625,962354,5220.14265625,6272.445258789064,50.601201811648686,67.89749167844639,8.004931088083602,59.892560590362784,5036.2622447203685,5327.334765625001,5618.407286529633,10.927510048093767,0.5172486411741856,16.276104896966935,16.710193568702692,25.506123037095524,22.103838383040998,190.5959341728732,49.9374880387226,55.92836282257693
2025-05-23,5400.321323288451,5494.739522187759,5398.822621718621,5430.794921875,1127412,5227.456318359375,6270.770209960939,53.787757757314125,65.97823700726622,4.86854113352274,61.109695873743476,5038.2608253956705,5332.929907226563,5627.598989057456,11.050926487205146,0.6660591841539056,15.896011787573366,16.43721001777563,25.89771285021837,20.78384131690212,188.22219213375786,49.9374880387226,55.92836282257693
2025-05-26,5450.278253158364,5531.707708269713,5411.811578044415,5521.216796875,640440,5237.970205078124,6270.709013671875,56.699301369890044,70.93579973489068,7.86088308891776,63.07491664597292,5060.45666775837,5351.963427734376,5643.470187710382,10.893451119841014,0.7903077944994408,15.742464934711426,16.00928491583918,26.12826708109243,19.813014969510114,183.3417591402965,47.978989450237215,55.92836282257693
2025-05-27,5520.217816106255,5628.124336312494,5480.252438252091,5568.17626953125,1019222,5253.422812499999,6271.838535156251,58.17315957765898,77.75759969367209,11.746146438159329,66.01145325551276,5071.992130496214,5370.122705078125,5668.253279660037,11.103305863010984,0.8321590962799912,16.098475588597232,15.997243688085298,28.41088575543161,18.655597421940538,180.8081976345898,47.978989450237215,55.92836282257693
2025-05-28,5582.164241510107,5595.652556752704,5530.20924946455,5554.1884765625,452258,5264.684052734375,6273.528571777345,57.544843916157866,81.10035293231977,12.0711197414456,69.02923319087417,5069.1995002082085,5378.490478515626,5687.781456823043,11.501032847148466,0.7840334997942301,16.429056910062624,16.085760922387024,27.641291011460435,18.1502541586168,172.56784832413007,47.978989450237215,55.92836282257693
2025-05-29,5565.178819521168,5684.57538485919,5563.180550645218,5652.103515625,1192069,5277.505947265624,6274.450522460938,60.74134964470117,90.60598490567736,17.261401371842553,73.34458353383481,5087.053093888476,5402.694506835937,5718.335919783399,11.684592291793875,0.895082835392352,17.187122130370877,16.642798859484053,29.86906484935254,17.15329295991994,169.55492403645582,47.978989450237215,55.92836282257693
2025-05-30,5651.104414924249,5723.042094887925,5620.131247162111,5638.615234375,1440608,5289.917197265624,6274.447524414063,60.07038848490711,95.94488227904094,18.080238996164894,77.86464328287605,5118.381353289238,5427.14833984375,5735.915326398263,11.378608699072402,0.8424376694072434,18.0775256652143,17.25329128763846,30.20403597801951,16.388158852907758,164.7946328714099,47.978989450237215,55.92836282257693
2025-06-02,5676.08277676596,5676.08277676596,5565.178853474106,5616.63427734375,504095,5299.148203124999,6271.181103515626,58.92801162344614,97.28092345193,15.533024135243153,81.74789931668684,5121.186372876919,5439.687475585938,5758.188578294957,11.710272111715797,0.7777805166964679,18.421085240244036,17.804103685307457,28.717396833981987,18.020358620176893,160.94529647287018,50.90318202177266,59.48939223358108
2025-06-03,5641.612717979581,5655.101033164691,5563.180663014311,5585.16162109375,510323,5307.749755859374,6267.222783203126,57.24924545349501,94.70842559932862,10.368421026113424,84.3400045732152,5150.918316719338,5457.971655273438,5765.024993827538,11.251554897960247,0.7071137972627876,18.72220538082548,18.39986552301989,27.50885247055441,17.353472420660967,156.01494459269233,50.90318202177266,59.48939223358108
2025-06-04,5585.1616138668505,5602.14689963353,5476.755525297163,5501.73388671875,748937,5313.257988281249,6262.850571289064,52.943550857556524,84.95843364957727,0.4947432610896527,84.46369038848762,5183.867061354163,5471.634838867188,5759.402616380213,10.518530054999163,0.552297460319719,18.24195659033048,18.331520915287257,25.907164229817404,20.35615680559256,153.82754671724047,50.90318202177266,59.48939223358108
2025-06-05,5534.205348129985,5704.058193261254,5511.225257318108,5668.08935546875,1212876,5322.279169921874,6259.027131347658,59.48664255503602,89.62188551345207,4.126556099971552,85.49532941348052,5218.77053793304,5493.940502929689,5769.110467926337,10.01721678092116,0.8164387009701122,18.419724556939197,18.570964968882336,28.15480050994141,18.485861087589843,157.29160099047357,50.90318202177266,59.48939223358108
2025-06-06,5695.066161813549,5801.47397694217,5609.640169386346,5771.99951171875,1034577,5334.807324218748,6255.403271484377,62.95189918371772,100.54338436106354,12.03844395806641,88.50494040299714,5290.261424338269,5527.111767578126,5763.962110817984,8.570492264303919,1.0169672561813157,19.10954678013729,18.675751685233884,30.095464019335488,16.900341065225174,159.7589014594272,50.90318202177266,59.48939223358108
2025-06-09,5812.964011273199,5919.371826192518,5759.510320210443,5908.38134765625,1377600,5351.9684472656245,6251.524631347658,66.94784972190281,118.8337833693231,24.263074373060775,94.57070899626233,5263.281039148499,5550.716308593751,5838.151578039003,10.356691045450754,1.1221662354671893,20.303766841407096,19.36174569917315,33.21550415900974,15.692453959442336,159.76623035390202,52.73941428877827,59.48939223358108
2025-06-10,5923.86773885301,5949.845232732278,5799.975075736504,5808.96728515625,683305,5364.5365624999995,6246.629372558595,61.72185356327803,123.87917038867818,23.446769113932675,100.4324012747455,5286.731899578309,5575.070190429688,5863.408481281068,10.343844328501858,0.9055949246905972,21.546187981468332,20.32786738080281,32.348499865683145,14.636320656849618,159.05936797117863,52.73941428877827,59.48939223358108
2025-06-11,5811.964944170345,5832.946767073488,5754.514714792695,5771.5,545428,5373.6196875000005,6241.600229492189,59.82639465917084,123.43153723880187,18.39930877124509,105.03222846755678,5313.858660383724,5595.77724609375,5877.695831803777,10.076118948688519,0.8116551423235946,22.260210994110707,21.281988917758902,31.166338511704936,16.219618277717238,153.300273993294,52.73941428877827,59.48939223358108
2025-06-12,5776.5,5838.0,5611.0,5627.5,974013,5377.817558593751,6234.818981933594,53.079592946686,110.18702081381161,4.123833877003861,106.06318693680775,5316.479766620888,5598.518627929688,5880.5574892384875,10.075481749824839,0.5513783312268111,21.68370229026153,21.61494513586493,27.979371760859102,21.025961360768527,158.56454013663017,52.73941428877827,59.48939223358108
2025-06-13,5505.5,5617.5,5481.0,5590.0,711911,5383.206748046876,6228.0553051757815,51.452308625998036,95.5631173946449,-8.40005563373029,103.9631730283752,5317.201528844718,5599.110253906249,5881.018978967781,10.069768669579458,0.4838418376297843,20.218396613188933,21.23930380364982,26.122815226438654,25.518905168026333,157.70278726972802,52.73941428877827,59.48939223358108
2025-06-16,5589.0,5695.0,5561.5,5679.5,605268,5385.3582910156265,6221.854777832032,54.998326887493135,90.15620597057296,-11.045573646241792,101.20177961681475,5322.832857949624,5605.775488281251,5888.718118612877,10.094682918469072,0.6302817317283359,19.339260204800695,20.511481247531112,28.074882196099615,23.95876718076071,155.97401675046174,49.99199463970275,59.48939223358108
2025-06-17,5687.0,5702.0,5602.0,5626.5,529572,5384.33666015625,6215.667509765625,52.55046739199248,80.66468042783163,-16.429679351186508,97.09435977901813,5342.202502532909,5614.861328125,5887.520153717091,9.71204130104994,0.5213429215975791,18.566273177937763,19.392334895563348,27.084363963478644,22.832706522255272,151.97587269685732,49.99199463970275,59.48939223358108
2025-06-18,5654.0,5759.0,5627.0,5735.0,864129,5385.628916015626,6208.163352050781,56.79037201669125,80.96431505471173,-12.904035779445124,93.86835083415686,5365.226961476761,5629.671923828125,5894.116886179489,9.394684661181593,0.6991493338260826,18.205538435374574,18.772399320087636,28.085851227508847,21.39766562978234,150.58473893279609,49.99199463970275,59.48939223358108
2025-06-19,5800.0,5800.0,5665.0,5723.5,886990,5388.938212890625,6200.958635253906,56.21698940542081,79.3590223543506,-11.607462783845008,90.96648513819561,5420.442694116506,5648.978125,5877.513555883494,8.091213165513683,0.6630422790722353,18.121414362560767,18.343843770249265,28.233232402872186,20.01723810287665,149.47154329473923,49.99199463970275,59.48939223358108
2025-06-20,5756.0,6030.0,5720.0,5897.5,10424185,5412.151279296875,6194.68336669922,62.40236924144553,91.07727995544155,0.08863585379674532,90.98864410164481,5442.277392804537,5672.31337890625,5902.349365007964,8.110834882894617,0.989459551329027,19.21077981191149,18.708159123643032,34.55674571877792,17.263138854850524,160.9378616308293,49.99199463970275,59.48939223358108
2025-06-23,5850.0,6210.0,5830.0,6120.0,2271641,5439.289804687502,6189.573303222657,68.52563584526878,116.96962103942678,20.784781550225574,96.18483948920121,5408.091930167479,5702.2525390625,5996.41314795752,10.317347640425018,1.2100669639397328,20.89996209972938,19.510688231145075,36.52602489715465,14.609626412925612,176.58515722862722,54.32170789936926,59.48939223358108
2025-06-24,6174.0,6205.0,6033.0,6057.5,1459591,5468.1157812500005,6184.677285156251,65.30809272063786,130.93690113611683,27.80164931753248,103.13525181858435,5399.925009881946,5726.718725585938,6053.51244128993,11.412948020091765,1.0061010333406801,22.46848850984599,20.839634160878738,33.98004566697533,13.591289336478912,176.257645998011,54.32170789936926,59.48939223358108
2025-06-25,6090.0,6156.0,6080.0,6124.5,815696,5495.077548828125,6179.631186523439,67.09192200435152,145.73249778011996,34.07779676922847,111.65470101089149,5394.103730905281,5755.234301757812,6116.364872610344,12.549639229882683,1.0112634155707885,23.924977319239986,22.412469709484682,32.57952457096969,13.031110941658362,170.7035284267245,54.32170789936926,59.48939223358108
2025-06-26,6123.0,6135.0,6013.0,6107.0,851467,5519.76197265625,6174.358957519533,66.13537381465959,154.26770885128917,34.09040627231815,120.17730257897102,5388.045466151441,5777.9791259765625,6167.912785801684,13.497233247938281,0.9218933987014586,24.643901611288527,23.55619506056726,30.881765345756808,15.213890123214354,167.22470496767275,54.32170789936926,59.48939223358108
2025-06-27,6119.0,6159.0,5982.0,6019.5,1935325,5539.529140624999,6168.969450683595,61.420151319021095,152.21674648424232,25.63155512421703,126.58519136002529,5398.635664006607,5797.023364257813,6195.4110645090195,13.74456079330332,0.779221265618771,25.024283400745304,24.474630359992645,28.55668845739878,15.387073917855837,167.9229403271247,54.32170789936926,59.48939223358108
2025-06-30,6050.0,6261.0,5968.0,6217.5,2136461,5561.357958984375,6164.404587402345,67.13095560088804,164.67007515411387,30.467907035270855,134.20216811884302,5396.621591527476,5827.066650390627,6257.511709253778,14.773987829169423,0.95352286147801,25.858252738159656,25.25107717472409,29.296951622373758,13.566227435127697,176.85701601804436,55.95120296444187,63.40639251449073
2025-07-01,6226.5,6226.5,6130.0,6144.0,558024,5577.130751953125,6159.465727539065,63.380375895259654,166.68712667433647,25.987966844394748,140.69915982994172,5418.17602415062,5855.008569335939,6291.841114521258,14.921670566738843,0.8307805632264207,26.632652837187266,25.828468118966285,28.116826726456548,13.019759565493002,171.11722915961263,55.95120296444187,63.40639251449073
2025-07-02,6130.5,6252.0,6063.0,6222.5,1159148,5595.212900390625,6154.86491699219,65.5914770008862,172.6299775614134,25.544654185177336,147.08532337623606,5458.020935516205,5891.046875000001,6324.072814483797,14.701154096106077,0.8827174018664098,26.685603874086034,26.271928306122845,25.91503370624624,14.776222512961416,172.39456993392602,55.95120296444187,63.40639251449073
2025-07-03,6234.0,6258.0,6142.5,6191.0,750787,5612.545156249999,6149.798623046877,63.92353448015781,172.80594361184194,20.576496188484697,152.22944742335724,5477.75029683366,5917.192407226563,6356.634517619465,14.853061389594822,0.8115400029922342,26.768680484073457,26.70066666063036,24.899521303760853,14.052029861538166,168.33067208150274,55.95120296444187,63.40639251449073
2025-07-04,5675.0,5785.0,5350.0,5456.0,7516962,5615.287314453125,6140.944177246096,39.00174661904605,112.34203161588903,-31.90993264597458,144.2519642618636,5419.314871852541,5901.392431640626,6383.46999142871,16.337756398079904,0.03804898963103106,27.26725379801636,26.9764288360512,17.986866186550714,36.31204735699111,216.37848121853824,55.95120296444187,63.40639251449073
2025-07-07,5500.0,5522.5,5440.5,5499.0,1445372,5622.456386718749,6131.876853027345,40.4641355085211,67.1199691505035,-61.70559608908809,128.82556523959158,5366.420979311675,5880.923364257813,6395.4257492039505,17.497333431450663,0.128841988460563,27.73021473239191,27.249447608232686,17.477379604214082,35.28349125868686,206.78001827435696,47.5191944720873,63.40639251449073
2025-07-08,5512.5,5517.5,5370.0,5440.0,1699343,5627.156572265623,6122.091643066407,39.07972398275587,26.2181256901531,-82.0859516395508,108.3040773297039,5311.91275388953,5862.475,6413.037246110471,18.782587426316372,0.11632403694165518,28.384197353559717,27.825725575788038,16.568267983688308,35.934379553639864,202.54573125476003,47.5191944720873,63.40639251449073
2025-07-09,5440.0,5504.5,5400.0,5408.0,969206,5627.579912109374,6112.4833935546885,38.31406424017923,-8.678966772403328,-93.5864352816858,84.90746850928247,5258.237545990103,5844.299999999999,6430.362454009895,20.055864825895185,0.12777004650716625,28.991466930358392,28.36084083137515,15.9358207749103,34.562685296265236,195.5424647365629,47.5191944720873,63.40639251449073
2025-07-10,5430.0,5445.0,5387.0,5431.0,947485,5632.839453124999,6103.039350585939,39.2355663228249,-34.08633019152967,-95.19503896064971,61.10870876912004,5226.915128572893,5834.474999999999,6442.034871427106,20.82654811022779,0.16795453503843905,29.600556345647014,28.992376849603367,15.580336503765366,34.29167697185051,185.71800296966555,47.5191944720873,63.40639251449073
2025-07-11,5419.0,5419.0,5339.5,5364.0,942210,5637.128681640625,6092.565910644534,37.47913422911017,-58.94866528980219,-96.04589924713778,37.0972339573356,5188.661072899647,5823.174999999999,6457.688927100352,21.792713669101573,0.1381679105938855,30.335517735904986,29.66349233313169,15.011423811176146,34.93510009254605,178.98814561468944,47.5191944720873,63.40639251449073
2025-07-14,5368.0,5393.0,5287.5,5314.5,829406,5636.101650390624,6081.054152832034,36.1901233539765,-81.70464104725488,-95.04150000367238,13.336858956417505,5133.111407824551,5804.925,6476.738592175449,23.146331509035836,0.134999197908516,31.201863932476357,30.401210139061686,14.360321837302935,35.55768709573105,173.73899235649733,46.29257037362375,63.40639251449073
2025-07-15,5329.5,5405.0,5309.0,5390.0,577430,5639.51208984375,6069.930385742189,39.602168832538005,-92.57949793930675,-84.7330855165794,-7.846412422727347,5100.072348087112,5793.1,6486.127651912889,23.925968891021675,0.20917466360298353,31.899160640551198,31.117339188228094,14.284474401226941,34.10795977171397,168.1862071881761,46.29257037362375,63.40639251449073
2025-07-16,5415.0,5470.0,5375.0,5382.0,716193,5642.582685546874,6058.79884277344,39.361991680889794,-100.68282458761769,-74.26912973191227,-26.41369485570542,5058.620437933303,5775.450000000001,6492.279562066698,24.823331933154908,0.22556237854808783,31.963890376365853,31.582877154421105,16.53876048999028,32.68767977355247,162.95862096044922,46.29257037362375,63.40639251449073
2025-07-17,5400.0,5455.0,5375.0,5417.5,490075,5646.4931640625,6046.693298339845,41.069932075714775,-103.05229333387251,-61.31087878253367,-41.74141455133884,5025.803236936968,5760.150000000001,6494.4967630630335,25.497487498173935,0.2666974124249057,32.02399655962232,31.96157860008676,15.93693030344739,31.49820536114546,157.03300517756,46.29257037362375,63.40639251449073
2025-07-18,5425.0,5443.5,5356.5,5375.0,418316,5651.8216796874985,6034.433701171876,39.630783280873025,-107.12464299735984,-52.3065827568168,-54.81806024054304,4983.259112108739,5734.025000000001,6484.790887891262,26.186348608220634,0.2608941710122021,32.16978510054356,32.06683773845471,15.28550481894875,31.079895030728515,152.03064766487716,46.29257037362375,63.40639251449073
2025-07-21,5375.5,5398.5,5349.0,5376.0,404842,5650.615869140624,6023.473234863282,39.684339209879006,-109.01466460838583,-43.35728349427423,-65.6573811141116,4952.8862450928955,5696.825000000001,6440.763754907106,26.117662203318694,0.28437405103323204,32.343393358681205,32.183694959151765,14.912024845225744,30.690707302275868,144.70702997452878,46.47049056096766,63.40639251449073
2025-07-22,5409.5,5454.0,5351.0,5360.5,451766,5651.388076171876,6012.245180664063,39.105252638944954,-110.48958564712757,-35.86576362641277,-74.6238220207148,4923.897734396932,5661.975,6400.052265603069,26.07137140672887,0.29577002703526506,31.920400406520407,32.04509275353198,16.935046143383467,29.09754301954715,141.72795640491958,46.47049056096766,63.40639251449073
2025-07-23,5383.0,5390.5,5320.0,5359.0,521291,5651.420898437501,6001.633088378907,39.04587215772733,-110.50566810600321,-28.705476868230733,-81.80019123777248,4907.545694369023,5623.7,6339.854305630976,25.469150403861388,0.31519345906411705,31.712944417195146,32.02816888793818,16.310925089973903,29.6457099101853,136.6402452331396,46.47049056096766,63.40639251449073
2025-07-24,5315.0,5328.5,5141.0,5154.0,1326255,5643.047451171876,5990.668413085938,31.913549092047525,-125.6122208232864,-35.049623668411144,-90.56259715487526,4868.527346466375,5576.049999999999,6283.572653533623,25.377199039952092,0.2017409987566272,32.43213827086098,32.176269338690695,14.527973514753175,35.380605491890236,142.45165628791537,46.47049056096766,63.40639251449073
2025-07-25,5154.0,5171.5,5033.0,5043.0,1136699,5632.3441015625,5978.668154296875,28.841504015238925,-144.8710616037988,-43.44677155913884,-101.42429004465997,4813.803114407604,5527.224999999999,6240.646885592395,25.81483061002205,0.16063208195672368,33.535045725272745,32.62399507123395,13.517044499895741,38.34476873742408,142.16939512449284,46.47049056096766,63.40639251449073
2025-07-28,5043.0,5109.5,4980.5,4994.0,1450708,5621.3001953125,5963.463208007813,27.57940019661492,-162.21777661298984,-48.6347892546639,-113.58298735832594,4793.175107428775,5466.049999999998,6138.924892571222,24.62015139163468,0.14922899842779308,34.752521935506934,33.592330103183954,12.63514238772113,38.49828102999638,141.22872404417194,41.95312480744356,63.40639251449073
2025-07-29,4994.0,5052.0,4957.5,5001.5,1285403,5612.434531250001,5947.4020410156245,28.09804228666003,-173.36158151633936,-47.822875326410724,-125.53870618992863,4786.275628785517,5408.924999999998,6031.5743712144795,23.023035860711,0.1728295098047609,35.967451035210814,34.751248380241776,12.016630395865652,37.80514143604283,137.8909580410168,41.95312480744356,63.40639251449073
2025-07-30,5011.5,5073.5,4987.5,5043.5,640920,5604.52876953125,5932.510039062499,31.074884753831025,-176.76642488487323,-40.98217495595566,-135.78424992891757,4838.286929414948,5349.974999999999,5861.663070585051,19.128615389232728,0.20052555685968662,36.84077411737074,35.79664802643884,12.610998656496056,36.07445234350773,134.18446103808702,41.95312480744356,63.40639251449073
2025-07-31,4975.0,5077.0,4964.5,5018.0,752111,5598.14125,5916.460927734374,30.255854152169242,-179.45379305241568,-34.935634498798464,-144.5181585536172,4942.56625741937,5291.324999999999,5640.083742580628,13.182283930041294,0.10814602384224165,37.74929008373088,36.85837055947084,11.84696242304588,35.12750970325573,132.63557096393797,41.95312480744356,52.15356505453512
2025-08-01,5034.0,5275.5,5005.0,5180.0,2034517,5593.1253515625,5901.437131347655,40.9109451459611,-166.59114653920915,-17.65839038847355,-148.9327561507356,4934.405644519477,5277.525,5620.644355480522,13.00304045856807,0.3578847295521692,36.49016088582491,36.66546750159783,20.19151337132261,30.364039493782467,142.48303018079955,41.95312480744356,52.15356505453512
2025-08-04,5275.0,5289.0,5162.5,5249.0,790968,5587.681015625,5887.096042480467,44.78049687745665,-149.1108263759943,-0.14245618020694906,-148.96837019578734,4938.042226431372,5265.025,5592.007773568627,12.420939067473665,0.4754956510015714,35.19903269479484,36.47416138926286,19.582943034414683,28.42291810814331,141.34138516788528,44.35686091591292,52.15356505453512
2025-08-05,5245.0,5356.0,5200.0,5317.5,976873,5582.667490234376,5874.68832519531,48.39362320895097,-128.25176269967415,16.573285996890547,-144.8250486965647,4941.261907361784,5258.899999999999,5576.538092638213,12.080020256639772,0.5922433444825301,33.40302490403264,34.94659289492878,21.411472877574624,26.198632623024796,142.3884290844649,44.35686091591292,52.15356505453512
2025-08-06,5350.0,5430.0,5318.0,5356.5,2486662,5578.713720703125,5862.905986328124,50.38415784328337,-107.33652178290322,29.990821530929196,-137.32734331383242,4942.970101992373,5256.324999999999,5569.679898007625,11.922965113748704,0.6598427224800604,31.126356448845673,33.16269457182025,23.953404773226644,24.697602955651455,140.2535412927174,44.35686091591292,52.15356505453512
2025-08-07,5285.0,5440.0,5210.5,5303.5,2293342,5571.741650390624,5850.616855468748,47.69195698091441,-93.95464902152526,34.69815543384573,-128.65280445537098,4946.527435526484,5249.95,5553.372564473516,11.559064923418932,0.5882432723698673,29.772560598071546,31.587792751052092,21.275444422134193,27.173202104593912,146.62828834323759,44.35686091591292,52.15356505453512
2025-08-08,5330.0,5374.0,5238.5,5317.0,1192637,5565.309345703125,5839.202026367186,48.44757985380246,-81.32264444755128,37.86412800625577,-119.18677245380705,4947.1835171665825,5247.6,5548.016482833418,11.449671576851049,0.6155063120129833,28.515464450924142,29.820910449884906,19.86345036905418,25.36978972863852,145.8334106044349,44.35686091591292,52.15356505453512
2025-08-11,5330.0,5487.0,5306.5,5443.5,1110381,5561.8466601562495,5828.965224609374,55.0064406612922,-60.40785289304131,47.02313564861261,-107.43098854165392,4942.261627102949,5254.05,5565.838372897051,11.868496603460224,0.8038118423719317,26.54200397859625,28.157282288333896,23.578963361211464,23.164341905271023,148.30959556126098,46.73236635630388,52.15356505453512
2025-08-12,5443.5,5460.0,5357.5,5365.5,441837,5557.453427734375,5818.268732910155,50.72135995291148,-49.55543383588338,46.30044376461643,-95.85587760049981,4943.099947905658,5252.825000000001,5562.550052094343,11.792704005724254,0.681895199045246,24.70950496857749,26.612484709750817,22.388707613927675,21.995016067556207,145.0374815925995,46.73236635630388,52.15356505453512
2025-08-13,5365.5,5445.0,5360.0,5398.5,615620,5555.388750000001,5807.853640136718,52.41048109354141,-37.85561339126161,46.400211367390554,-84.25582475865217,4942.392093737954,5253.650000000001,5564.907906262047,11.849206028648506,0.7326848524741587,23.007898744988644,24.774951361792446,21.422936261261754,21.046227205520324,140.74909005027098,46.73236635630388,52.15356505453512
2025-08-14,5424.0,5440.0,5360.0,5370.5,697401,5549.436962890625,5797.930749511718,50.81880282024239,-30.49130263389361,43.01161769980685,-73.50292033370046,4944.574098016691,5251.3,5558.025901983309,11.681903604185976,0.6943102933747118,21.427835823084717,23.068670395831106,20.525517480386732,20.164588977666853,136.4098693323945,46.73236635630388,52.15356505453512
2025-08-18,5530.0,5623.0,5501.0,5519.0,1714061,5544.3769726562505,5789.018127441407,58.08860172705449,-12.527910415057704,48.7800079349142,-61.30791834997191,4933.341415209033,5258.499999999999,5583.6585847909655,12.3669709913841,0.9005737695153699,21.392861398000232,22.200380071494436,27.000551335739015,17.651267037434426,144.70202152293774,47.67186798398586,52.15356505453512
2025-08-19,5550.0,5561.5,5465.0,5496.0,548359,5536.129345703126,5779.478698730469,56.690874190339045,-0.14601724742169608,48.92952088204017,-49.07553812946187,4926.055104383997,5264.5,5602.944895616003,12.857627338436817,0.8420054534707151,21.005363272677943,21.21659954788133,25.6830358726246,18.610322219022503,141.25901998558504,47.67186798398586,52.15356505453512
2025-08-20,5496.0,5498.0,5432.0,5453.0,636301,5529.010000000001,5770.512834472656,54.071340213554784,6.12636078702144,44.161519133186644,-38.035158346165204,4922.7218465256865,5269.124999999999,5615.528153474312,13.14841281899035,0.7654060711569649,20.322579833669195,20.857720615834715,24.791998477585448,19.699343659470383,135.88337570090042,47.67186798398586,52.15356505453512
2025-08-21,5457.0,5547.0,5439.0,5452.5,607314,5522.630000000002,5762.164433593749,54.040071283054225,10.93091496458237,39.172858648598066,-28.24194368401569,4919.848263771664,5273.8,5627.751736228336,13.423024620893319,0.7524355465863849,20.05977947293599,20.532571372806967,25.977639060177832,18.56434904401729,133.89170600797897,47.67186798398586,52.15356505453512
2025-08-22,5452.5,5484.5,5404.0,5418.0,443698,5518.440000000001,5753.540373535156,51.81356884965708,11.81846122945717,32.04832393077829,-20.229862701321117,4932.170018474228,5287.0,5641.829981525772,13.422734311548037,0.6845954496808566,19.455870933873257,19.889225383771226,24.829317207233753,19.665649640477376,130.07801272169476,47.67186798398586,52.15356505453512
2025-08-25,5460.0,5485.5,5404.0,5423.0,656081,5515.100000000001,5745.367194824218,52.121450522886725,12.77800931470756,26.406297612822943,-13.628288298115383,4965.7878370934095,5305.999999999999,5646.212162906589,12.8236774559589,0.6719515243082668,18.903479112702417,19.481629292819203,23.744085060740325,18.761425303657028,126.60815467014514,48.53969074299993,52.15356505453512
2025-08-26,5420.0,5447.0,5272.0,5295.0,949915,5507.41,5737.030603027343,44.31529240518874,3.1733474519860465,13.441308600081143,-10.267961148095097,5013.930119411429,5321.049999999999,5628.16988058857,11.54358183398279,0.4575898506634013,17.98260992920394,18.719240431538598,21.462135931470783,24.20747826493741,130.06471505084906,48.53969074299993,52.15356505453512
2025-08-28,5295.0,5298.0,5215.0,5235.5,784214,5499.590000000001,5728.460954589842,41.2245126425994,-9.13427477609548,0.9069490975996928,-10.041223873695174,5061.107336115603,5332.75,5604.392663884397,10.187714176902979,0.32099645429521567,17.589007605897706,18.24624335930006,20.457898806837463,26.288148792247178,126.70294969007413,48.53969074299993,52.15356505453512
2025-08-29,5239.0,5411.0,5230.0,5298.0,1333724,5490.850000000001,5722.451608886717,45.522630360065065,-13.687149458767635,-2.91674046805797,-10.770408990709665,5109.364081596001,5345.474999999999,5581.585918403998,8.834048177346215,0.3994646238282655,16.46991131309043,17.226260621147183,24.613558214507357,23.68541637766849,130.5813104264974,48.53969074299993,52.15356505453512
2025-09-01,5321.0,5462.0,5304.0,5450.0,688959,5485.38,5718.234118652342,54.27937151834048,-4.972881481274271,4.638022007548315,-9.610903488822586,5184.025315918843,5367.075,5550.124684081156,6.821208352078425,0.726509541429295,15.840997684886807,16.715002645392257,25.184787799481633,21.59877158958727,132.9683596817476,46.44413599513213,54.197018853053336
2025-09-02,5450.0,5472.0,5386.0,5412.0,541160,5475.67,5712.918664550781,52.02779607319002,-1.1201315674970829,6.792617537060403,-7.912749104557486,5217.436936385974,5378.675,5539.913063614026,5.995456636217137,0.6033409830564999,15.33756571506259,15.903738514076512,24.542277589722772,20.575126737499733,129.61347684733704,46.44413599513213,54.197018853053336
2025-09-03,5416.0,5500.0,5350.0,5479.0,832845,5462.85,5707.699169921874,55.53039832186828,7.255899066573875,12.134918536905088,-4.8790194703312135,5235.19205526736,5390.175,5545.15794473264,5.750571910286405,0.7865637898196834,14.518740117772115,15.17986890132946,22.536069745370764,20.855092913418826,131.06965707252726,46.44413599513213,54.197018853053336
2025-09-04,5525.0,5674.0,5503.0,5529.0,1412461,5452.28,5702.881042480469,57.995189150822384,17.72423191017242,18.082601104402908,-0.35836919423048696,5237.979415562884,5400.750000000001,5563.520584437118,6.027702983367742,0.893959389049027,15.06646146846697,15.20201359176478,29.38499725249612,18.71346815732197,135.6361101387753,46.44413599513213,54.197018853053336
2025-09-05,5557.0,5617.0,5494.0,5528.5,622758,5440.359999999999,5698.236513671875,57.96059247839439,25.684045597777185,20.833931833606137,4.850113764171048,5238.451107145035,5409.350000000001,5580.248892854967,6.3186480022541,0.8485979283116707,15.483415746148884,15.001077931960499,27.46885812564922,17.970331169723565,134.73353084314851,46.44413599513213,54.197018853053336
2025-09-08,5540.0,5555.5,5300.0,5315.5,876255,5424.53,5693.333037109375,45.506545235943115,14.636218195211768,7.828883544832576,6.807334650379192,5240.538044912935,5409.95,5579.361955087064,6.262976740526793,0.22124163270691302,14.576830755046604,14.821646111756788,23.972013227289484,25.348664750621943,143.35970721149505,50.8348369363163,54.197018853053336
2025-09-09,5330.0,5347.0,5206.0,5218.5,1014203,5408.509999999999,5687.33408935547,41.16826979940508,-1.9241732819564277,-6.985206345868496,5.061033063912069,5219.294443887686,5405.025000000001,5590.755556112315,6.872514229344539,-0.0021387000187661274,14.379200242865803,14.931307994507343,22.28592852414125,28.25478908547695,143.19115669638828,50.8348369363163,54.197018853053336
2025-09-10,5250.0,5260.5,5171.0,5193.0,898752,5388.0199999999995,5681.024797363282,40.08635526174882,-16.911099102735534,-17.577705733318084,0.6666066305825487,5185.165030750261,5392.5,5599.834969249739,7.689753147880894,0.018894471294664355,14.42162717455179,14.499228964799197,21.263577985808766,28.752587048251897,139.3560740752177,50.8348369363163,54.197018853053336
2025-09-11,5214.5,5214.5,5150.0,5171.0,585140,5368.5599999999995,5673.6445898437505,39.13088495533258,-30.2152592289558,-24.70549268763068,-5.509766541325122,5153.068671466093,5382.775,5612.481328533906,8.534866440967953,0.039030985015417005,14.59859153845219,14.488895890658997,20.532551064339977,28.88341927792872,134.00921164127357,50.8348369363163,54.197018853053336
2025-09-12,5179.0,5202.0,5125.0,5130.0,625409,5346.71,5665.44916015625,37.344429026559,-43.56506833948242,-30.44424143852584,-13.120826900956583,5113.604629099669,5369.35,5625.095370900332,9.526120327426268,0.032054091228733136,14.93042531279943,14.676026243675611,19.663445866184684,29.035128210447656,129.93712509546833,50.8348369363163,54.197018853053336
2025-09-15,5131.0,5175.0,5109.0,5133.0,955394,5325.55,5657.796274414062,37.569021325940895,-53.288536237023436,-32.134167468853484,-21.154368768169952,5080.758638472626,5357.474999999999,5634.1913615273725,10.330103697259363,0.0943951438921435,15.348610818596617,14.973601178524405,18.924042793384757,28.854908524381795,125.37018758864916,44.10295358440957,54.197018853053336
2025-09-16,5154.0,5156.5,5115.0,5147.5,703169,5319.38,5649.337897949218,38.71252697768973,-59.1426659432218,-30.390637740041477,-28.752028203180323,5057.9934600073675,5338.9,5619.806539992632,10.523011856098902,0.1593172946329056,15.736925931122576,15.333675621961003,18.4541439535494,28.138418491718053,119.37945990374564,44.10295358440957,54.197018853053336
2025-09-17,5180.0,5248.0,5163.5,5197.5,828577,5313.349999999999,5641.6385815429685,42.615701201516906,-59.066640317671045,-24.251689691592574,-34.81495062607847,5046.515192573865,5323.975,5601.434807426136,10.423031942341417,0.2720841062111851,15.128402112363666,15.238506465480143,22.869063424710177,26.427056460830638,118.0309270534781,44.10295358440957,54.197018853053336
2025-09-18,5215.0,5225.0,5134.0,5144.0,810331,5307.43,5633.410991210937,39.70211216016491,-62.60175824275029,-22.229446093337458,-40.372312149412835,5026.934316279817,5308.525000000001,5590.115683720184,10.60899906170485,0.20786498007247853,14.812110815076187,15.274518373099381,21.588712652741183,26.76244293428543,116.10014654965823,44.10295358440957,54.197018853053336
2025-09-19,5149.0,5158.0,5074.0,5080.0,1105187,5300.87,5624.8139453124995,36.488281828682744,-69.76344028384938,-23.512902507549228,-46.25053777630015,4999.274431522728,5289.900000000001,5580.525568477273,10.98794186949743,0.13888242679443516,15.003002662996092,15.06570238767988,20.450540497813616,29.117272726054317,113.80727893896837,44.10295358440957,54.197018853053336
2025-09-22,5089.5,5138.0,4990.0,5010.5,799543,5292.46,5615.689304199218,33.33276707679406,-80.12357931566294,-27.098433231490233,-53.025146084172704,4960.178579469808,5269.525000000001,5578.871420530193,11.740960353359837,0.08133506190882295,15.785985839016085,15.299048327046137,18.59082314763701,31.63073333641432,116.24961615761349,43.32765902886454,54.197018853053336
2025-09-23,5010.5,5019.5,4846.0,4891.0,2734495,5282.999999999999,5606.054838867187,28.731815575875316,-96.86017167032605,-35.068020468922676,-61.79215120140338,4899.527842331446,5242.925000000001,5586.322157668556,13.099449550338989,-0.012416879611561566,17.356374874696677,16.179688768846383,16.676285459811805,36.920594836506154,120.33892928921253,43.32765902886454,54.197018853053336
2025-09-24,4938.0,4963.5,4879.5,4897.0,941080,5274.649999999999,5595.71950439453,29.259787316101086,-108.39043437930286,-37.278626542319586,-71.11180783698327,4847.690836606056,5223.025000000001,5598.359163393945,14.372290517236445,0.06568701733419058,18.81459326497151,17.3002895519938,15.826490015003557,35.03918345222131,117.7432914828402,43.32765902886454,54.197018853053336
2025-09-25,4914.5,4928.5,4710.0,4742.5,1518468,5261.7,5584.4625488281235,24.273195186704083,-128.51368368828116,-45.92150068103831,-82.59218300724285,4766.060315028265,5198.375000000001,5630.689684971737,16.632685597777606,-0.027249033918203974,20.9633209692129,19.15984792195479,13.849493883210078,40.352547349889,124.94019923406591,43.32765902886454,54.197018853053336
2025-09-26,4739.0,4775.0,4660.0,4679.0,1038283,5247.639999999999,5573.139125976562,22.570620742004355,-147.8807458683823,-52.230850288911554,-95.64989557947074,4680.020890672248,5167.425,5654.829109327752,18.864487025075427,-0.0010472733535795353,23.154740726521545,20.98466699574653,12.933744625071935,40.559224204720934,124.23018500306121,43.32765902886454,54.197018853053336
2025-09-29,4700.0,4747.0,4686.0,4730.5,815624,5233.9,5562.431145019531,27.040339076657578,-157.26085731013336,-49.2887693845301,-107.97208792560326,4625.986387899188,5131.45,5636.913612100811,19.700615307595772,0.10338391290565065,25.18963050116529,23.076475735189096,12.411166726401065,38.920460275863334,120.21374321712827,37.61636023488563,54.197018853053336
2025-09-30,4744.5,4746.0,4666.0,4677.5,751802,5219.95,5550.53271484375,25.414388405628177,-167.04572117691714,-47.25890660105111,-119.78681457586603,4568.770882029021,5094.725,5620.67911797098,20.64700716804065,0.10336369110525574,27.16319091666744,25.158965821594492,11.806767995649174,38.24256200024702,117.34133298733339,37.61636023488563,49.18391426112862
2025-10-01,4711.0,4849.89990234375,4701.10009765625,4832.0,1270493,5209.07,5539.660563964844,37.25815443298839,-160.4834837941762,-32.55733537464815,-127.92614841952806,4556.74179874574,5062.375,5568.00820125426,19.97612587981964,0.272191581339459,27.68822497673278,26.438927738949033,16.72744262305534,34.35937824556062,121.27408794136315,37.61636023488563,49.18391426112862
2025-10-03,4804.0,4836.5,4738.0,4815.7001953125,1070640,5198.174003906251,5528.768110351563,36.59787281361814,-154.8135274289898,-21.50990320756938,-133.30362422142042,4560.57739353879,5026.710009765625,5492.84262599246,18.54623064872481,0.27365903274354797,28.17575660393631,27.669473760301877,15.743806212080425,32.338917840321486,119.64736737412294,37.61636023488563,49.18391426112862
2025-10-06,4817.0,4908.0,4689.60009765625,4777.2998046875,1075080,5186.54,5517.683156738282,35.023160828955525,-151.67027622487967,-14.693321602767384,-136.9769546221123,4575.113300634867,4989.15,5403.186699365132,16.59748451600503,0.24416495489730447,27.79005592215074,27.73914044944176,17.83621880396438,28.357209602537914,126.70111987195344,40.49591842195138,49.18391426112862
2025-10-07,4695.0,4721.89990234375,4590.0,4686.0,2789651,5177.18,5506.434948730471,31.54755955483012,-154.7623541314906,-14.22831960750267,-140.53403452398794,4552.483055231372,4957.675,5362.866944768628,16.346047079271138,0.16475764942078042,28.070395507125703,28.12307605553101,16.01508157036763,30.891375295574726,131.0295973587782,40.49591842195138,49.18391426112862
2025-10-08,4709.0,4746.0,4606.39990234375,4616.60009765625,1114855,5168.6520019531235,5493.97998779297,29.17731262722774,-160.95742328652614,-16.33871101003055,-144.6187122764956,4514.620043458668,4927.580004882812,5340.539966306957,16.761167186121224,0.12347450567107149,28.05524098500854,27.92264845357964,16.10965793824665,28.551454282751955,131.64177595145475,40.49591842195138,49.18391426112862
2025-10-09,4630.0,4676.89990234375,4601.2001953125,4660.89990234375,749429,5161.99,5481.855180664064,32.65553516611416,-160.44294976298897,-12.659389989194693,-147.78355977379428,4491.467042658576,4900.975,5310.4829573414245,16.711285299003734,0.20687370861503238,28.075988740560113,28.073192123842908,15.427247651195785,27.632972628849412,127.64591388572583,40.49591842195138,49.18391426112862
2025-10-10,4670.0,4729.89990234375,4652.10009765625,4691.10009765625,735165,5155.7820019531255,5471.182497558595,34.999204087031025,-155.80233014254827,-6.415016295003198,-149.38731384754507,4477.986950717294,4876.980004882813,5275.973059048331,16.362300184378377,0.26706373045099135,27.462218819610673,27.758729902309604,17.787235544791326,26.395438680176586,124.08547751442399,40.49591842195138,49.18391426112862
2025-10-13,4677.10009765625,4695.0,4626.0,4681.60009765625,602116,5148.5440039062505,5459.890559082033,34.59139122299165,-151.14882667761503,-1.4092102640559574,-149.73961641355908,4465.153041309278,4854.560009765625,5243.966978221973,16.042935618181705,0.2779188277048462,27.09546185929979,27.58572529992995,17.057605276006807,26.864328307145446,120.150800549108,38.74060188848348,49.18391426112862
2025-10-14,4690.0,4700.0,4598.60009765625,4617.2001953125,913650,5140.528007812501,5447.971137695315,31.879567471786874,-150.91773980028756,-0.9424987093827895,-149.97524109090477,4448.80108172298,4828.77001953125,5208.73895733952,15.737711105369874,0.22159589486561312,26.96797473276128,27.215096776185977,16.01775870798112,26.87391731044743,118.8114506772967,38.74060188848348,49.18391426112862
2025-10-15,4617.2001953125,4752.10009765625,4610.10009765625,4724.2001953125,1298534,5131.41201171875,5436.3042089843775,40.259584854692186,-140.48121600978538,7.5952200648955,-148.07643607468088,4456.314242108571,4807.605029296875,5158.895816485178,14.613962047530379,0.38128804251893594,26.19699576282273,26.64622881106126,17.75828820036216,24.611251608140158,120.46777562891837,38.74060188848348,49.18391426112862
2025-10-16,4743.0,4808.5,4727.60009765625,4793.39990234375,1140794,5122.300009765626,5424.710517578128,44.97412803182279,-125.18332226818347,18.31449104519794,-143.4978133133814,4487.85874897622,4787.400024414063,5086.9412998519065,12.51373496721759,0.5100151104733671,24.83101210436404,25.89949341856266,20.268599630872757,23.35413349744337,117.88434913310277,38.74060188848348,49.18391426112862
2025-10-17,4793.39990234375,4850.0,4747.0,4814.39990234375,1243932,5112.238007812501,5414.040864257816,46.35762776279272,-110.09598874107996,26.721459657841166,-136.81744839892113,4521.995057625695,4770.9200195312515,5019.844981436808,10.435092639847417,0.5873353208124524,23.115573233682284,24.656284498252507,21.529583184907654,21.883341176412898,116.82118133788116,38.74060188848348,49.18391426112862
2025-10-20,4821.89990234375,4835.2998046875,4772.0,4802.2998046875,610816,5101.15400390625,5402.466442871098,45.645489568271934,-97.98602309850776,31.06514024033069,-129.05116333883845,4553.940185762778,4757.035009765626,4960.129833768473,8.538714707203876,0.6114375886833036,21.52266571090637,23.176838907635204,20.668116808396388,21.007719829390286,112.99822586285393,41.44539430835195,49.18391426112862
2025-10-21,4827.0,4839.0,4772.0,4791.10009765625,82502,5090.906005859376,5391.112285156254,44.95708508455018,-88.27493236566897,32.620984778535586,-120.89591714420456,4580.354567192889,4746.065014648439,4911.7754621039885,6.98306689622223,0.6358848633242983,20.000275464189308,21.557924348935796,20.007466071405723,20.09135370736011,109.71263830122152,41.44539430835195,49.18391426112862
2025-10-23,4800.0,4866.5,4766.89990234375,4783.2998046875,769642,5080.232001953126,5378.455468750004,44.45422427212898,-80.28279140308223,32.490500592897874,-112.7732919959801,4588.340296621455,4740.680004882814,4893.019713144172,6.426913780489347,0.6398840797685088,18.885127275954854,20.203896493430612,20.503745051131116,18.77989982121784,108.99031396943784,41.44539430835195,49.18391426112862
2025-10-24,4796.0,4806.89990234375,4760.0,4789.60009765625,519615,5067.154003906251,5365.896594238286,44.98944166060209,-72.60365142174669,32.13571245938674,-104.73936388113343,4599.496217318341,4735.310009765625,4871.123802212909,5.73621546074894,0.6998695674141397,17.758332137496428,18.87930380084287,19.846796880767727,18.64956191703461,104.555284567603,41.44539430835195,49.18391426112862
2025-10-27,4810.0,4831.7001953125,4786.39990234375,4798.7001953125,414172,5055.818007812501,5354.928632812504,45.801774917933194,-65.03390545328693,31.764366742277204,-96.79827219556414,4599.385679604156,4738.12001953125,4876.854359458344,5.856092262551812,0.7183315818314522,17.02519771502645,17.955162495490654,20.97242322850572,18.0480530565753,100.32278516768493,41.05277263971472,49.18391426112862
2025-10-28,4800.60009765625,4828.39990234375,4692.5,4725.39990234375,616890,5042.356005859376,5344.2138842773475,40.60098732903495,-64.20938249028222,26.07111176422555,-90.28049425450777,4604.341553207509,4740.440014648438,4876.538476089367,5.742018083569079,0.444745472706113,16.469838964115354,17.11408555080589,18.993284301723726,22.865274310499732,102.86400782311816,41.05277263971472,49.18391426112862
2025-10-29,4735.0,4788.0,4735.0,4780.60009765625,305268,5030.5580078125,5334.650378417972,45.6097182831985,-58.42822347735455,25.481816621722587,-83.91004009907714,4605.776828022838,4742.945019531249,4880.11321103966,5.784093677812332,0.6372587832168501,15.954148695412194,16.489673205219322,18.143910031974038,21.84274574926799,99.98801423977044,41.05277263971472,49.18391426112862
2025-10-30,4781.10009765625,4784.7998046875,4724.0,4744.5,346569,5015.068007812501,5325.293034667971,43.05288071188151,-56.112756559720765,22.23782683148511,-78.35058339120587,4612.628739879408,4746.295019531251,4879.961299183093,5.632447165707082,0.49328544365891686,15.609634516915307,16.03973674051533,17.333157039657486,21.67515255288238,97.18885641460827,41.05277263971472,49.18391426112862
2025-10-31,4745.0,4748.89990234375,4685.2001953125,4694.2998046875,498496,4999.034003906251,5315.872529296878,39.71846375768117,-57.66375667414195,16.54946137365114,-74.21321804779309,4610.2208017261455,4739.4100097656265,4868.599217805107,5.451700012165422,0.32541031962847655,15.75298800856476,15.853568351988477,16.50121415573416,23.558338693001886,94.79677431579697,41.05277263971472,49.320595843377305
2025-11-03,4694.2998046875,4720.0,4655.2001953125,4713.39990234375,292566,4984.242001953126,5308.344467773441,41.572630917987645,-56.698136361875186,14.012065348734325,-70.71020171060951,4609.808800337357,4734.294995117189,4858.78118989702,5.258911618655919,0.4160746586784423,16.223210237234003,15.916422377074655,15.676892399320222,24.694225301029665,92.65413362806147,39.5040615902004,49.320595843377305
2025-11-04,4720.0,4724.89990234375,4646.0,4660.60009765625,475909,4968.404003906251,5300.868383789066,38.085224922926315,-59.50741385455058,8.962230284847152,-68.46964413939773,4601.544834226039,4728.460009765626,4855.375185305213,5.368139955819472,0.23265643048254261,16.762852760690592,16.257920384627674,14.713122902894732,23.892955613303403,91.67168853632495,39.5040615902004,49.320595843377305
2025-11-06,4660.60009765625,4704.10009765625,4635.0,4679.2001953125,476465,4953.628007812501,5292.3407910156275,39.994862820465485,-59.54649909868931,7.138516032566741,-66.68501513125605,4600.69052737423,4728.120019531249,4855.5495116882685,5.39028161851325,0.3080514039933931,17.391079450561953,16.80714484389798,13.906767900637032,23.455938195499765,90.05943204489103,39.5040615902004,49.320595843377305
2025-11-07,4679.5,4708.10009765625,4611.2001953125,4627.2998046875,543059,4937.714003906251,5284.446423339847,36.602462359988955,-63.03873095978088,2.9170273371801443,-65.95575829696102,4603.121107553521,4728.655004882813,4854.188902212105,5.309496979570956,0.09630345925831872,18.248807261487283,17.50583001108894,12.843745368106983,23.54042559001681,90.5480370662381,39.5040615902004,49.320595843377305
2025-11-10,4568.0,4579.89990234375,4262.60009765625,4283.7001953125,6807962,4917.4880078125,5274.809079589846,22.808949109117226,-92.46607540553941,-21.20825368686272,-71.2578217186767,4475.326233710965,4709.795019531251,4944.263805351536,9.956645027987692,-0.408638697317566,21.308092756305204,19.34958610343358,9.805714049959386,40.58181308337959,110.13029920659608,38.407067465633276,49.320595843377305
2025-11-11,4295.0,4365.0,4263.10009765625,4315.7998046875,1802510,4899.094003906249,5265.9644360351585,25.62864366020922,-111.90729010201085,-32.51957470666733,-79.38771539534352,4397.602216416563,4691.030004882813,4984.457793349063,12.510164640210176,-0.1393910443122062,24.14885785863613,21.198832560061707,9.154171699374313,37.885347558009855,109.54241371639279,38.407067465633276,49.320595843377305
2025-11-12,4330.0,4396.7001953125,4295.0,4375.7998046875,937925,4880.649999999999,5259.183513183595,30.722683689360146,-121.07738947842608,-33.35173926646604,-87.72565021196004,4350.137768120593,4675.739990234376,5001.342212348159,13.927302321935214,0.03940703537019962,26.26683121174688,23.78746198402604,10.621670419483019,35.36006931957698,108.98225525897188,38.407067465633276,49.320595843377305
2025-11-13,4378.0,4402.89990234375,4312.89990234375,4326.39990234375,926858,4858.177998046874,5252.70811279297,28.96366791478415,-130.82287391211594,-34.47777896012471,-96.34509495199123,4300.5096484676815,4661.199975585938,5021.890302704194,15.476286321438748,0.0358898644204286,28.12995819236847,26.1394080255023,10.398690278771983,33.247996688438164,107.62637988333103,38.407067465633276,49.320595843377305
2025-11-14,4335.0,4399.89990234375,4327.0,4391.2001953125,808967,4837.762001953123,5246.0209277343765,34.27922541432341,-131.79811186223378,-28.362413528194026,-103.43569833403976,4265.81257564925,4644.549975585937,5023.287375522625,16.30889545499647,0.1655337176685096,29.860004674374235,28.063417943060557,9.87968888643387,31.588580347422745,105.18878132023596,38.407067465633276,49.320595843377305
2025-11-17,4391.89990234375,4414.10009765625,4375.0,4404.60009765625,551524,4816.274003906248,5240.615439453126,35.35644165706267,-129.99127631581814,-21.244462385422707,-108.74681393039543,4238.706606036843,4625.109985351564,5011.513364666285,16.708937972870697,0.21466361385557184,31.2006242354527,29.665291213910585,10.614621596946222,30.710465214519346,100.46816105852268,34.745505902073845,49.320595843377305
2025-11-18,4404.60009765625,4409.89990234375,4359.89990234375,4374.0,316742,4793.174003906249,5235.445864257814,33.986468304522504,-129.53531578546972,-16.63080148405942,-112.9045143014103,4211.940829504945,4603.089990234375,4994.2391509638055,16.99506903229211,0.207157763285035,32.545348040554316,31.202676357464277,10.223251843735762,30.691651147168937,96.86329241148535,34.745505902073845,49.320595843377305
2025-11-19,4380.0,4388.89990234375,4330.89990234375,4358.89990234375,593957,4769.782001953124,5229.988471679688,33.30076010458675,-128.90646201164418,-12.801558168187086,-116.1049038434571,4187.058414197534,4580.919995117188,4974.781576036841,17.19574152526005,0.21814959426224279,33.98423356052893,32.592428897990814,9.773101264555633,31.54183703243984,94.08734295352211,34.745505902073845,49.320595843377305
2025-11-20,4352.2001953125,4417.7998046875,4352.10009765625,4388.89990234375,513726,4751.249999999999,5223.971445312502,36.060869002511154,-124.55158840523927,-6.757347649425739,-117.79424075581353,4171.083825333523,4560.809985351562,4950.536145369601,17.0902169250534,0.2794475959737278,34.73035271224251,33.63785037639841,11.517234575631223,29.93395923095848,92.05965467335983,34.745505902073845,49.320595843377305
2025-11-21,4397.0,4397.0,4355.0,4359.10009765625,411274,4734.062001953124,5218.234797363284,34.532223705831065,-122.09745147038757,-3.4425685716592227,-118.65488289872835,4154.714871935433,4539.6,4924.485128064568,16.956785975177006,0.2655145793091413,35.423177638833685,34.70370559968131,11.126749093816844,28.919064864072478,88.48396505383413,34.745505902073845,49.320595843377305
2025-11-24,4370.0,4370.0,4299.0,4310.89990234375,1144110,4716.42,5211.048195800784,32.15770473709066,-122.62830048971682,-3.1787340727907747,-119.44956641692605,4136.748346001233,4515.664990234375,4894.581634467518,16.78231866414323,0.2298019353240183,36.49675438446672,35.613553548354616,10.47989356743368,31.82315963746124,87.23511040713169,34.267174104654345,49.320595843377305
2025-11-25,4310.89990234375,4319.5,4235.7998046875,4243.89990234375,1019740,4697.877998046874,5201.346982421877,29.156490278254644,-126.99146367591857,-6.033517807194002,-120.95794586872456,4115.06918915851,4487.924975585937,4860.780762013364,16.6159545204406,0.17276212127435428,37.9056052716169,36.66439145522529,9.759577934241475,34.825742224358244,86.98261647180085,34.267174104654345,49.320595843377305
2025-11-26,4246.5,4352.60009765625,4246.5,4292.39990234375,804098,4681.12599609375,5192.16003417969,33.96115487407135,-125.09375433546757,-3.3086467733943863,-121.78510756207318,4101.276607479505,4466.274975585938,4831.27334369237,16.344643807272416,0.2618139032453341,38.52635074887016,37.51155256666844,11.57417134882394,31.771572195775924,88.53387210327936,34.267174104654345,49.320595843377305
2025-11-27,4305.5,4320.10009765625,4244.0,4266.10009765625,669342,4663.787998046876,5184.763923339847,32.66733969026863,-124.27936529069211,-1.9954061828951382,-122.28395910779697,4096.932293818189,4440.549975585937,4784.167657353686,15.476356922316041,0.2461570123047422,39.12177747111645,38.513691371366676,10.856350203886311,30.00486615662808,87.64574535706298,34.267174104654345,49.320595843377305
2025-11-28,4276.10009765625,4283.2001953125,4236.7998046875,4250.39990234375,549814,4645.845996093751,5177.29105712891,31.88637366738324,-123.47745936554747,-0.9548002062003889,-122.52265915934709,4093.873423742233,4415.844970703124,4737.816517664015,14.582556638514607,0.24307501715443464,39.73247908715623,39.1294149180132,10.431539122608449,29.43797395893308,84.69964859048706,34.267174104654345,49.320595843377305
2025-12-01,4270.0,4285.0,4199.89990234375,4215.89990234375,542859,4626.213994140626,5172.007895507816,30.179024704840245,-124.1941717106265,-1.3372100410235248,-122.85696166960298,4086.3936597776988,4391.924975585937,4697.456291394175,13.913321266034453,0.21193611892689534,40.58937208721163,39.855574779164044,9.683159132895923,30.43681078335972,84.72825209518442,32.629061151823116,45.8140991028148
2025-12-02,4218.10009765625,4239.60009765625,4203.0,4226.5,491997,4607.863994140625,5165.892001953128,31.394514894666447,-122.49478844475652,0.28973857987718077,-122.7845270246337,4093.9781580943804,4367.579980468749,4641.181802843119,12.528760714074204,0.2421801155335325,41.38505844440593,40.55876876578108,9.371750003960903,29.457966936685132,81.29052677811767,32.629061151823116,45.8140991028148
2025-12-03,4226.0,4226.2998046875,4158.0,4188.2001953125,709367,4590.027998046874,5160.871743164066,29.402806691834353,-122.82266587882077,-0.030511083349651358,-122.79215479547112,4096.55938049733,4343.959985351562,4591.360590205794,11.390556344372493,0.1852073378502144,42.46465690574563,41.52701449647863,8.801254950813409,31.663761243209606,80.37691772253783,32.629061151823116,45.8140991028148
2025-12-04,4188.10009765625,4234.7998046875,4161.10009765625,4215.7998046875,427254,4574.133994140625,5155.831618652347,32.71547669169575,-119.47818316757457,2.6511773023172367,-122.12936046989181,4123.954170497217,4320.789965820312,4517.6257611434075,9.111102223443785,0.23330521270159044,43.24684593056437,42.31595218748515,8.98125687632927,29.577572539889896,79.89997410173156,32.629061151823116,45.8140991028148
2025-12-05,4215.0,4225.0,4165.0,4183.10009765625,679735,4559.975996093749,5150.5832861328145,30.867414417332956,-118.1048108559271,3.2196396911717784,-121.32445054709888,4154.080759193435,4298.57998046875,4443.079201744065,6.723114234555091,0.1004134769955748,43.9731643107532,43.218910608249416,8.490790345239082,27.962340996970557,78.47854738017931,32.629061151823116,45.8140991028148
2025-12-08,4183.10009765625,4202.0,4075.10009765625,4090.5,1028704,4543.845996093749,5144.774538574222,26.331265109611017,-123.06978551475459,-1.3962679741245552,-121.67351754063003,4117.002197823973,4288.919970703126,4460.837743582279,8.016832864846794,-0.07707812106954828,45.29536892504499,44.27110742780468,7.551499330205677,32.7060182601481,81.93721559186292,31.62117445663126,45.8140991028148
2025-12-09,4049.60009765625,4118.10009765625,3988.0,4085.39990234375,1671211,4530.703994140625,5139.636936035159,26.103733652284266,-125.96406364436552,-3.432436882988384,-122.53162676137714,4083.583263471424,4277.399975585938,4471.216687700452,9.062360930507285,0.004686486661823127,46.97553520156535,45.47434975615927,6.729560040282342,36.43312743875108,85.37742145360485,31.62117445663126,45.8140991028148
2025-12-10,4080.0,4138.0,4010.10009765625,4018.300048828125,737740,4517.489995117187,5134.268243408206,23.256390574260934,-132.14886743212355,-7.69379253659713,-124.45507489552642,4039.7196663175237,4259.52498779297,4479.330309268416,10.32064946703535,-0.04872406488072985,48.054772215309676,46.67507057017733,7.641883792624477,32.66856982124771,88.41474151718666,31.62117445663126,45.8140991028148
2025-12-11,4022.0,4060.60009765625,3930.10009765625,4047.5,1815905,4503.8299951171875,5129.538624267581,26.988657856539188,-133.15920059193104,-6.963300557123688,-126.19590003480735,4008.8983786950657,4245.579992675782,4482.261606656498,11.14955386020402,0.08154757071261012,49.4556840183582,48.215609609961774,6.862703896463121,35.58815420038673,91.42083140881618,31.62117445663126,45.8140991028148
2025-12-12,4077.89990234375,4092.800048828125,4049.89990234375,4075.39990234375,534723,4491.787993164064,5124.979974365237,30.46817809532168,-130.20765515305447,-3.209404094597687,-126.99825105845679,3991.87981636257,4229.789978027344,4467.700139692117,11.249265939947591,0.17552862264635752,50.038022680999454,49.046397448154565,9.220608752735943,34.28147304995505,88.12648979590968,31.62117445663126,45.8140991028148
2025-12-15,4067.0,4129.2001953125,4012.5,4109.0,459769,4477.327993164063,5120.049544677737,34.51569610692954,-123.73099318530967,2.6138062985177015,-126.34479948382737,3986.274969567579,4215.009973144532,4443.744976721484,10.853355272434097,0.26826901985540047,50.79013227176185,50.12290814506002,8.368189473424783,34.07498080222371,90.16746876138042,30.02291472487509,45.8140991028148
2025-12-16,4115.0,4143.7001953125,4085.5,4108.7001953125,562479,4463.187993164062,5115.373892822268,34.496400363175304,-117.27056161089058,7.2593902983494445,-124.52995190924003,3981.208161902281,4201.744982910157,4422.281803918033,10.497392007600167,0.2890493134605987,51.16371672079779,50.60086970089862,9.150851626472665,32.46314144583269,87.88409208646038,30.02291472487509,45.8140991028148
2025-12-17,4100.10009765625,4119.89990234375,4036.0,4045.199951171875,460320,4448.545996093751,5110.291818847659,30.595028016607035,-115.93809980612878,6.873481682489,-122.81158148861778,3967.9766502235098,4186.059985351563,4404.143320479617,10.419503585290258,0.17704998161143656,51.8068418091267,51.29848704044427,8.524824328898656,34.278501956169485,87.59950710483821,30.02291472487509,45.8140991028148
2025-12-18,4050.0,4056.800048828125,3993.699951171875,4030.0,614346,4435.425996093751,5105.663784179689,29.728334240043257,-114.78544806048376,6.4209067425072135,-121.20635480299097,3961.5481410342895,4168.114990234375,4374.681839434461,9.911763455857553,0.1656893621381772,52.63121806675438,51.89746739377608,8.07726623609653,35.998311352818625,85.84954928708191,30.02291472487509,45.8140991028148
2025-12-19,4034.0,4072.0,4025.0,4062.199951171875,501005,4424.337993164063,5101.969080810548,33.99408412794753,-110.00561998325611,8.960587855787907,-118.96620783904402,3962.4175739441084,4153.269982910157,4344.122391876204,9.190464850653388,0.26141241226228784,53.04698084694913,52.42691132803792,9.057765225045625,34.543576683404005,83.07458148086178,30.02291472487509,45.8140991028148
2025-12-22,4080.0,4225.0,4063.89990234375,4206.7998046875,1316448,4415.255991210938,5098.766326904299,48.97385636447781,-93.47208408693677,20.3952990016858,-113.86738308862257,3970.068255206565,4148.064978027344,4326.061700848123,8.582156922017516,0.6649885057695549,50.65743320643379,51.64432563659408,20.182430077813997,30.018445127083186,88.76925771995201,29.82395047541418,45.8140991028148
2025-12-23,4234.0,4236.10009765625,4176.60009765625,4189.39990234375,662345,4405.221987304688,5095.000235595705,47.574713157626086,-80.84127655927205,26.420885223480425,-107.26216178275247,3971.910672490347,4145.339978027344,4318.76928356434,8.367434587091543,0.6270256032565594,48.2779674443843,50.66247414566672,20.10756827494923,28.54658936327357,86.67859645424116,29.82395047541418,45.8140991028148
2025-12-24,4209.0,4313.2998046875,4183.10009765625,4289.60009765625,960632,4397.381987304688,5091.470875244143,55.4652001851718,-62.030898653018994,36.185010503786785,-98.21590915680578,3972.266682778368,4145.199987792969,4318.133292807571,8.343785849843952,0.9175023135395706,45.03388723194314,47.84566021918846,24.166346397014987,25.589792134791168,89.78724720974179,29.82395047541418,45.8140991028148
2025-12-26,4290.0,4338.39990234375,4263.0,4285.2998046875,1029780,4390.7439794921875,5087.3889733886745,55.08203404559896,-46.929561571232625,41.02907806845853,-87.95863963969116,3970.213899700379,4146.159973144531,4322.106046588684,8.487182095422693,0.8954047647080151,41.91721591200833,45.097591678196316,24.719904035895926,24.03706812455579,88.75957971931382,29.82395047541418,45.8140991028148
2025-12-29,4303.2001953125,4319.89990234375,4211.10009765625,4226.0,423139,4380.779975585937,5083.193414306643,49.95693539098103,-39.29368860107297,38.93196083089455,-78.22564943196753,3971.7199792432752,4144.939978027344,4318.159976811413,8.358142684927731,0.7339799750076869,39.43482555002304,42.234356390983095,22.589884724038356,26.07620191660338,90.19102435989855,37.37770424568446,45.8140991028148
2025-12-30,4226.0,4257.7001953125,4187.7998046875,4207.7001953125,670540,4369.065981445314,5079.254302978518,48.4584930382427,-34.323189199511035,35.12196818596519,-69.44515738547622,3971.9796368500747,4144.529992675782,4317.0803485014885,8.326654946671304,0.6830486014776075,37.38990614399383,39.65356102800108,21.31890720147332,26.48452391399098,88.74169337883437,37.37770424568446,45.8140991028148
2025-12-31,4225.0,4288.10009765625,4212.0,4279.0,426359,4358.357983398438,5076.671573486331,54.220123930536936,-24.350042124076026,36.076092209120155,-60.42613433319618,3967.887472252994,4147.154992675782,4326.42251309857,8.645325324922222,0.8677325569441483,35.07755428459703,37.25618991731004,22.39338624454374,24.759012723298078,88.14585116204263,37.37770424568446,46.080086744947785
2026-01-01,4279.0,4308.0,4255.7998046875,4297.39990234375,374599,4348.259985351561,5073.202940673831,55.59951649628062,-14.791031070327335,36.508082610295084,-51.29911368062242,3961.8036334214867,4152.614978027344,4343.4263226332005,9.18993673217929,0.8793928621368834,32.6639142018812,35.02691017293751,23.07868268175521,23.680280285347905,85.57830431564673,37.37770424568446,46.080086744947785
2026-01-02,4300.0,4437.89990234375,4289.60009765625,4409.60009765625,895709,4340.629985351562,5070.195897216799,62.93374949974233,1.8172242938098861,42.49307037954584,-40.675846085735955,3940.772670901057,4162.304992675781,4383.837314450506,10.644694329922707,1.0581467819218324,31.68448884892863,33.381021566762826,30.666953086690086,20.894960272835224,90.05841148506482,37.37770424568446,46.080086744947785
2026-01-05,4409.60009765625,4457.0,4357.0,4429.7998046875,509791,4333.559985351561,5067.254632568362,64.08399660424199,16.42005370930201,45.67671983603037,-29.256666126728366,3922.8289769105504,4174.639978027344,4426.450979144138,12.063842747741939,1.006649482207906,30.952574284838583,31.80824424335989,29.75672130781248,19.250670952103558,90.76852495041733,41.176798888426084,46.080086744947785
2026-01-06,4208.2998046875,4208.2998046875,3994.0,4047.60009765625,6144187,4318.719985351562,5061.717213134768,39.259262982002724,-2.8149717107889956,21.153355532751497,-23.968327243540493,3916.9628110485155,4172.494982910156,4428.027154771797,12.248411221979067,0.2556180806040909,30.555535031504014,31.120011940216322,21.7309455043185,36.52429592386247,115.41361636020895,41.176798888426084,46.080086744947785
2026-01-07,4050.0,4071.5,3988.199951171875,4060.5,1477670,4303.955981445312,5056.244293212892,40.102643223373505,-16.82401683345779,5.715448328066163,-22.539465161523953,3913.6964759494585,4171.249987792969,4428.803499636479,12.348984721473528,0.2849961606031983,30.221985019238275,30.58727965203843,20.587916495699712,34.96938879607411,113.11979010791724,41.176798888426084,46.080086744947785
2026-01-08,4078.800048828125,4094.5,3980.0,3990.39990234375,863189,4289.255981445312,5050.064681396487,37.08891312541027,-33.200068331392686,-8.528482535894984,-24.671585795497702,3908.5385749097377,4169.85498046875,4431.171386027762,12.533596817299228,0.1566325835128744,29.666055302662787,30.110795167083403,20.551756011285864,32.443300250638416,113.2183765287803,41.176798888426084,46.080086744947785
2026-01-09,3980.0,4009.0,3951.0,3972.89990234375,768954,4273.101977539062,5043.844029541016,36.35441179262237,-47.04797114793564,-17.90110828195035,-29.14686286598529,3895.491389175692,4166.124975585937,4436.758561996183,12.992101196972984,0.1430135006427414,29.348427890108518,29.785206454673396,19.772587791254015,33.10891843362149,109.27420677672455,41.176798888426084,46.080086744947785
2026-01-12,3990.0,4066.0,3958.89990234375,4056.39990234375,908033,4259.339975585937,5038.3980700683605,42.23285707632242,-50.70033978029278,-17.242781531445985,-33.457558248846794,3893.0710640388793,4165.174975585937,4437.278887132996,13.065665339006795,0.30012218011909075,28.42268980230016,29.044372552481473,22.117574695480236,30.78774926705968,109.11891326811923,33.48975996823081,46.080086744947785
2026-01-13,4058.0,4060.0,3827.800048828125,3921.89990234375,1652142,4243.891977539062,5032.755943603517,36.40075566200362,-63.71344523549942,-24.2047095893221,-39.50873564617732,3863.4721714250436,4155.819970703125,4448.167769981207,14.069319717361061,0.0999284603184747,28.451207899454644,28.89981789478158,19.006435663214177,34.39888757171511,117.91041597553036,33.48975996823081,46.080086744947785
2026-01-14,3906.0,3950.0,3886.199951171875,3932.199951171875,721954,4228.267978515625,5026.514135742189,37.116915762818195,-72.36116276271332,-26.281941693228802,-46.07922106948452,3838.4508755342245,4146.994958496094,4455.539041457964,14.880369330073325,0.1519216877175313,28.477688989669524,28.450189395984843,18.246956397977108,33.024340427744164,114.04538975071569,33.48975996823081,46.080086744947785
2026-01-15,3932.199951171875,3932.199951171875,3932.199951171875,3932.199951171875,0,4213.699975585937,5019.588416748048,37.116915762818195,-78.31181139215187,-25.786072258133878,-52.52573913401799,3821.037995682876,4141.344958496094,4461.651921309312,15.468741001934573,0.17352410093223825,28.50227857344048,28.47674323644756,18.246956397977108,33.02434042774416,105.89929048280743,33.48975996823081,46.080086744947785
2026-01-16,3910.0,3977.800048828125,3890.0,3899.699951171875,867266,4198.109970703124,5011.998884277344,35.64796787829483,-84.67415078681643,-25.718729322238744,-58.95542146457768,3800.0152172819317,4134.8299560546875,4469.644694827443,16.194849235939294,0.14886551030479125,27.96673279561154,28.222210892640533,20.266720572810105,31.04444499079909,104.60648750747298,33.48975996823081,46.080086744947785
2026-01-19,3899.60009765625,3955.89990234375,3881.0,3945.60009765625,622614,4184.475976562499,5005.124182128907,39.30161846727892,-85.03239189457327,-20.86157634399646,-64.1708155505768,3784.9276439977084,4128.999963378907,4473.072282760105,16.666133322008154,0.23348645707318924,27.541291884335912,28.0217852288882,19.208738926877007,30.05110685782275,102.48458856720706,32.39797659875961,46.080086744947785
2026-01-20,3963.0,3963.89990234375,3819.300048828125,3836.10009765625,912749,4175.523974609374,4996.445068359376,34.29866268603002,-93.07907775512831,-23.1266097636412,-69.95246799148711,3744.779186246665,4110.464978027345,4476.150769808025,17.79291606839946,0.12486253699508587,27.624952337155037,27.79584256638329,17.328055220334324,31.28653923593888,105.49282177780833,32.39797659875961,46.080086744947785
2026-01-21,3836.0,3846.10009765625,3693.10009765625,3764.39990234375,1431168,4164.495976562499,4986.87916015625,31.47344799710847,-104.04240473342497,-27.271949393550287,-76.77045533987469,3694.5937655623707,4089.2149780273444,4483.836190492318,19.300585299887587,0.0884470152343563,28.513082574559384,28.027187229447648,15.588891729329593,36.425033248639195,108.88619165082203,32.39797659875961,46.080086744947785
2026-01-22,3774.60009765625,3848.89990234375,3767.60009765625,3803.800048828125,1166339,4153.055981445312,4977.546224365234,34.65856309226619,-108.30320586885318,-25.22620042318279,-83.0770054456704,3662.509784763057,4064.9249755859382,4467.34016640882,19.79939080006638,0.17555284602471125,29.299876101166948,28.46241421916099,14.89738058779294,34.373117740129835,107.14432081862046,32.39797659875961,46.080086744947785
2026-01-23,3840.0,3840.0,3744.0,3755.89990234375,474377,4141.645981445313,4968.535548095702,32.67043287014181,-114.22831011480775,-24.921043735309894,-89.30726637949786,3627.519295826331,4038.454980468751,4449.390665111171,20.351133620646277,0.15620523030158687,30.174070452126035,29.34357651334271,13.936824858157356,33.741896987216464,106.34829790300472,32.39797659875961,46.080086744947785
2026-01-27,3776.60009765625,3818.0,3718.10009765625,3795.10009765625,996913,4129.723979492188,4963.8268151855455,35.9105228786342,-114.44165757471728,-20.107512956175526,-94.33414461854176,3602.2094900844495,4016.9099853515636,4431.610480618678,20.64773653277765,0.23256616494701446,31.143693731305774,30.22178491623636,12.99763074312933,33.21517859144357,105.88769822020082,30.30767034374439,46.080086744947785
2026-01-28,3808.0,3874.5,3801.10009765625,3864.0,646525,4118.911977539063,4959.331446533201,41.26100393718015,-107.80834320306803,-10.779358867621028,-97.028984335447,3589.856589298307,3999.724975585939,4409.593361873571,20.494828458928644,0.3344285871676236,31.206493410396035,30.690281931261033,16.169457504018673,31.403783908863023,103.99571280045433,30.30767034374439,46.080086744947785
2026-01-29,3850.0,3857.699951171875,3758.0,3823.800048828125,769662,4107.9079785156255,4955.369440917967,39.20448164634482,-104.58955063268832,-6.048453037793038,-98.54109759489528,3582.114669899382,3976.964978027345,4371.815286155308,19.85686624395756,0.30604684098463153,31.56975261443358,31.35672317286968,14.993855298283332,32.07679226308795,104.13887617185046,30.30767034374439,46.080086744947785
2026-01-30,3815.0,3841.800048828125,3751.10009765625,3785.5,1070238,4096.43998046875,4950.414882812497,37.29714353027038,-103.93107544124177,-4.311982277077192,-99.61909316416458,3578.208423634506,3951.369982910157,4324.531542185808,18.887705321930902,0.2777504424194586,31.955809106368417,31.581151258382228,14.052396721114741,30.540367859508148,103.1789529575665,30.30767034374439,46.080086744947785
2026-02-02,3729.0,3729.89990234375,3645.0,3720.89990234375,1046808,4083.07998046875,4944.655488281248,34.268772709592405,-107.3840604981151,-6.21197386716041,-101.1720866309547,3598.762037281425,3916.9349731445313,4235.107909007637,16.246015726305288,0.19193628887856581,32.992534788374215,32.2811437014039,12.720012742324895,34.804759512015345,105.84474203202603,31.290387026466767,42.228130537646905
2026-02-03,3900.0,3900.10009765625,3791.10009765625,3822.800048828125,744015,4072.3539794921876,4938.613780517576,42.23615880943805,-100.73685407955372,0.34818604112078333,-101.0850401206745,3677.1897686658394,3886.5849853515624,4095.9802020372854,10.775280482733717,0.34769246993074604,31.794562472388595,31.875185789378506,22.19838393206391,30.794283350961226,111.08441726634561,31.290387026466767,42.228130537646905
2026-02-04,3834.0,4070.0,3805.0,4012.60009765625,1925540,4066.387983398437,4933.046485595702,53.53379366098352,-79.24018584989562,17.475883416623105,-96.71606926651873,3680.583908281538,3884.834985351563,4089.086062421588,10.515302597932154,0.8127648434893794,29.873091688999104,31.43281323868666,28.69738061498929,26.0195496399376,122.07838746160664,31.290387026466767,42.228130537646905
2026-02-05,3973.39990234375,4142.39990234375,3863.0,4131.2998046875,3837832,4064.135981445312,4926.926182861326,58.9421542341001,-52.02612230735804,35.75195756732856,-87.7780798746866,3669.382562363863,3888.3749755859376,4107.367388808012,11.263955487681566,1.0546421118598723,28.611668668030905,30.20311557020975,28.280510055774098,22.124465061027564,133.31563852461687,31.290387026466767,42.228130537646905
2026-02-06,4144.39990234375,4157.0,4044.39990234375,4113.7998046875,1115797,4060.5639794921876,4920.903218994139,57.87266845477931,-31.507683665115565,45.016316967656834,-76.5240006327724,3657.2599512888555,3894.544970703125,4131.829990117394,12.185506712555929,0.9620073246208272,27.54342406274926,28.70825787587418,27.346243786422644,20.774726566467372,131.83595703401926,31.290387026466767,42.228130537646905
2026-02-09,4117.0,4238.60009765625,4097.89990234375,4171.2001953125,995086,4058.665981445313,4915.137283935545,60.41010308792148,-10.493973412189462,52.82402177646635,-63.317995188655814,3638.5445556754394,3904.4599853515624,4170.375415027685,13.62111178876275,1.0015508319427329,27.106756654356115,27.85921266119351,29.671523187587113,19.198613607556574,132.4691169110536,41.19465364029693,42.228130537646905
2026-02-10,4190.0,4204.89990234375,4157.60009765625,4184.39990234375,649920,4057.3459814453126,4909.464822998046,60.991963922755076,7.142317214815193,56.36824992277681,-49.22593270796162,3624.195412057368,3910.8599853515625,4197.524558645757,14.659925150372015,0.9771079904447464,26.70127977513391,27.122351918941582,28.878339859618634,18.68539357037314,126.3855946093712,41.19465364029693,42.228130537646905
2026-02-11,4205.0,4228.0,4132.7001953125,4218.89990234375,567174,4057.4059814453126,4904.856590576171,62.54157856941791,23.63066665517681,58.285279490510746,-34.654612835333936,3607.5921640113716,3925.7099853515624,4243.827806691753,16.20689365883975,0.9608196984328249,26.056936796782246,26.58184672556918,27.295137706077572,19.09341909080625,124.16518104352326,41.19465364029693,42.228130537646905
2026-02-12,4218.89990234375,4298.39990234375,4182.7998046875,4285.60009765625,947446,4058.5879833984377,4900.25963745117,65.4031152407464,41.600407105971044,61.00401595304398,-19.403608847072938,3586.808838099848,3943.379992675781,4299.951147251714,18.084544489154432,0.9798763172352909,25.963939787054493,26.3326097810942,29.54093933871889,17.817394021406933,123.55338937300374,41.19465364029693,42.228130537646905
2026-02-13,4247.10009765625,4299.0,4195.10009765625,4252.0,665095,4059.8639794921874,4894.585472412109,62.80049370104362,52.52483520047144,57.542755238035504,-5.017920037564062,3577.1501888771218,3959.369995117187,4341.589801357252,19.307102226436538,0.8828032981354941,25.881822189570645,25.969379493176447,27.781216768017355,16.734865495134922,122.14956887091418,41.19465364029693,42.228130537646905
2026-02-16,4234.0,4298.0,4202.5,4229.5,698727,4060.1379833984374,4889.8928576660155,61.048571748247795,58.690414645445344,50.96666774640752,7.7237468990378195,3576.410848400822,3975.8599975585935,4375.309146716365,20.093723088994896,0.8174872233126546,25.805570134764217,25.884754960909355,26.205218054476024,15.78551447455678,120.24602823727746,44.801711807784756,42.228130537646905
2026-02-17,4215.0,4224.89990234375,4130.0,4171.89990234375,392842,4059.913979492187,4885.004664306641,56.68870125454509,58.25728061242762,40.42682697071184,17.83045364171578,3578.6181925993665,3987.1749877929683,4395.73178298657,20.493547258117765,0.7260700552823346,24.848002256462074,25.36491222301636,24.637032719097217,19.201252062451218,118.76416907747193,44.801711807784756,42.228130537646905
2026-02-18,4171.89990234375,4201.0,4137.0,4187.2001953125,372954,4061.847983398437,4879.111407470703,57.55581777774132,58.47456614403882,32.51529000185843,25.95927614218039,3593.3429913576297,4004.729992675781,4416.116993993933,20.545055575308893,0.7217743901144837,23.958832083752938,24.882201109258578,23.65641417390024,18.43699184986295,114.85244271479537,44.801711807784756,42.228130537646905
2026-02-19,4181.0,4181.10009765625,4053.0,4067.89990234375,587295,4061.497983398437,4873.353516845703,49.272451385582166,48.46159478646541,18.001854915428016,30.459739871037396,3623.7357622962218,4019.904992675781,4416.074223055341,19.71037778760319,0.5605737472619796,22.308337577037296,23.578169916749687,21.705495096016527,22.078494842365814,116.23442504320285,44.801711807784756,42.228130537646905
2026-02-20,4064.800048828125,4125.0,4041.699951171875,4091.0,338564,4062.9519824218746,4867.666165771483,50.750459487572016,41.90714815369256,9.15792662612413,32.74922152756843,3650.449863839235,4034.264990234375,4418.080116629515,19.02775981866485,0.573909293646775,20.89466462193808,22.426748352845507,20.57144576425219,21.633714276948954,113.88196959926871,44.801711807784756,42.228130537646905
2026-02-23,4085.0,4119.89990234375,4040.0,4054.89990234375,674204,4063.09998046875,4861.830784912108,48.37820157981672,33.4145437348825,0.5322577658512557,32.882285969031244,3688.452531317572,4049.214990234375,4409.977449151178,17.81888389660049,0.5078790239517218,19.600860998237994,20.954599287637645,19.518066603973118,20.63488641658712,111.45467908101739,41.60034684356178,42.228130537646905
2026-02-24,4060.0,4060.10009765625,3900.0,3931.300048828125,709985,4060.2179833984374,4855.944414062498,41.26593708922491,16.52018393844355,-13.089681624470153,29.609865562913704,3710.6457441172806,4056.0249877929687,4401.404231468657,17.030429778669657,0.31943770326574594,19.74639925020512,20.3205319360716,17.575976392261584,27.28266767069037,114.92935183639115,41.60034684356178,42.228130537646905
2026-02-25,3939.800048828125,3964.5,3900.0,3922.0,395546,4056.477983398437,4848.37296142578,40.78013564553966,2.353713719179723,-21.804921474987186,24.15863519416691,3719.410378934204,4058.9249877929688,4398.439596651733,16.72928718218934,0.29835184669486753,19.88154191274602,19.741201455492007,16.84861601773608,26.15360770087013,111.32725527664893,41.60034684356178,42.228130537646905
2026-02-26,3922.0,3946.699951171875,3842.89990234375,3856.0,1094939,4051.423979492187,4841.043513183592,37.413907494140474,-14.037152848269216,-30.5566304339489,16.519477585679684,3725.4383684466684,4060.534985351563,4395.631602256458,16.505047640951773,0.19481192134862238,20.477416653241654,20.11190795172339,15.721068716972367,28.08472247811454,110.78959767318294,41.60034684356178,42.228130537646905
2026-02-27,3856.0,3930.0,3840.0,3899.5,976499,4048.509980468749,4833.7542187499985,40.87788338071485,-23.248946850136235,-31.814739548652735,8.5657926985165,3747.350580959892,4066.234985351563,4385.119389743234,15.684504488325857,0.2385651617713326,21.054185801906964,20.467863857326492,14.796459974422937,26.622469126350545,109.30462641081273,41.60034684356178,42.228130537646905
2026-03-02,3755.5,3887.60009765625,3755.0,3848.5,801446,4044.8799804687487,4825.133356933593,38.207858423409476,-34.26959517809246,-34.268310301287165,-0.0012848768052924342,3778.6931903859922,4072.6149902343755,4366.536790082759,14.434057751747767,0.11875065008790935,22.233796316356848,21.355606484799253,13.430670832233979,29.594792140153444,111.81858166718325,38.11192460867248,43.4050536280163
2026-03-04,3790.300048828125,3798.0,3721.0,3756.800048828125,811173,4038.7719824218734,4816.02651977539,33.91801921694553,-49.82856538404212,-39.86182440578946,-9.966740978252659,3762.3891845968496,4069.3149902343757,4376.240795871901,15.084888064654253,-0.009105027446478904,23.559070852837355,22.30662832737216,12.34764918975845,29.358674130913055,112.93868297667017,38.11192460867248,43.4050536280163
2026-03-05,3765.0,3804.800048828125,3713.5,3790.89990234375,715303,4030.4539843749985,4807.250042724609,36.76142276495413,-58.73057862239648,-39.01107011531506,-19.71950850708142,3727.5823793538048,4058.2299804687505,4388.877581583696,16.29516329563727,0.09574774287857855,24.840859424385272,23.53732787037106,11.624764382016048,28.12081279214322,111.39306625177409,38.11192460867248,43.4050536280163
2026-03-06,3785.0,3829.0,3715.800048828125,3722.800048828125,365100,4021.1219873046857,4798.640126953124,33.64763937822735,-70.468263022668,-40.59900361246926,-29.869259410198737,3677.0637502648733,4037.8049926757817,4398.54623508669,17.868185465383338,0.06339211211003563,25.62326246538078,24.591166659109067,12.33190933682153,26.081963993774885,111.52212946035273,38.11192460867248,43.4050536280163
2026-03-09,3608.89990234375,3701.5,3580.0,3689.39990234375,956936,4009.117983398436,4789.893186035156,32.20675246053885,-81.5257965256501,-41.325229692361084,-40.20056683328901,3625.9733879141427,4016.584997558594,4407.1966072030455,19.44993619614062,0.08118872156326894,27.248835277874026,26.044847351129647,11.226163499235724,32.27031955755306,113.75626655805074,35.18045197873602,43.4050536280163
2026-03-10,3749.89990234375,3749.89990234375,3690.0,3715.300048828125,726096,3997.7179882812493,4781.7828063964835,34.54742451412435,-87.19392879247289,-37.5946895673471,-49.599239225125785,3588.2449237985184,3993.789990234375,4399.335056670232,20.308782756604458,0.15664735629289472,28.016617178175082,26.81993982177793,13.929159856152847,31.002006411684263,109.95224751818998,35.18045197873602,43.4050536280163
2026-03-11,3715.0,3727.10009765625,3608.699951171875,3627.39990234375,684748,3985.745986328124,4772.765831298828,30.676363089623937,-97.65308765221334,-38.44307874167004,-59.2100089105433,3539.543976568094,3965.939990234375,4392.336003900656,21.502897911528013,0.10302151399147054,29.22719074228883,28.238013010081428,12.863623898317543,33.88314237036427,110.55566887291748,35.18045197873602,43.4050536280163
2026-03-12,3603.0,3603.10009765625,3502.5,3533.60009765625,989163,3972.263984374999,4762.827747802734,27.176829299934454,-112.2173351367428,-42.4058609809596,-69.8114741557832,3481.3974980316225,3931.6750000000006,4381.952501968379,22.90512323467113,0.05796714181413128,30.887866055201485,29.452241616688283,11.835110296025938,37.972443596892724,111.58025697797694,35.18045197873602,43.4050536280163
2026-03-13,3509.89990234375,3583.60009765625,3470.199951171875,3487.800048828125,1215870,3956.4399853515615,4752.425866699218,25.638839765729127,-126.00280546405384,-44.9530650466165,-81.04974041743733,3432.265926691299,3891.784997558594,4351.304068425889,23.614823077614112,0.06042635187263418,32.57518695201385,30.90118884715134,10.976957010939815,37.28439074060143,111.7102490855768,35.18045197873602,43.4050536280163
2026-03-16,3487.800048828125,3612.39990234375,3427.89990234375,3596.10009765625,1303919,3942.4139892578114,4742.635424804687,35.00538366380486,-126.72813808789033,-36.542718136362396,-90.18541995152793,3414.3342713219163,3858.9900024414064,4303.645733560897,23.045186996503066,0.20438938892872235,34.32692827171638,32.607397163458934,9.739584590462831,35.665944223389324,116.9095170080356,31.689408830518904,43.4050536280163
2026-03-17,3593.0,3653.0,3550.0,3634.5,742068,3926.9119873046866,4732.547407226562,37.98798501123302,-122.78898325478076,-26.082850642602267,-96.7061326121785,3410.072715352008,3829.240002441406,4248.4072895308045,21.892975463650757,0.26770610632137326,35.33003384923247,33.95261040062316,11.623234991337489,33.40224040440095,115.91598007889021,31.689408830518904,43.4050536280163
2026-03-18,3636.0,3720.0,3621.0,3640.89990234375,645425,3911.133989257811,4722.558830566405,38.49457795790194,-117.79291266290238,-16.869424040579105,-100.92348862232328,3408.378101986512,3802.6900024414062,4197.001902896301,20.738577175722337,0.29484502000699375,35.309020032184954,34.817974151950665,15.078788255134366,31.343079896261248,114.70769578754091,31.689408830518904,43.4050536280163
2026-03-19,3600.0,3600.0,3472.60009765625,3481.89990234375,698240,3899.819985351562,4711.885158691404,31.589944623735093,-125.220003650315,-19.437212022393368,-105.78279162792163,3392.212856851307,3767.4249877929688,4142.63711873463,19.918757886747905,0.11951511971022533,36.108665614076635,35.71934973165455,13.549558157055623,37.1068381816017,118.53570356610942,31.689408830518904,43.4050536280163
2026-03-20,3509.0,3598.0,3506.39990234375,3559.60009765625,837217,3889.801987304687,4701.757351074217,37.49054794759943,-123.41363481324242,-14.104674548256625,-109.3089602649858,3384.0296228124103,3742.009997558594,4099.990372304777,19.133052823468738,0.24522360334462934,36.851193654404625,36.080106843294786,12.600225606483543,34.50699478255611,118.36173171540517,31.689408830518904,43.4050536280163
2026-03-23,3502.199951171875,3502.199951171875,3340.300048828125,3356.699951171875,959711,3877.127988281249,4691.032181396483,30.171992030262626,-136.7777320557334,-21.97501743259808,-114.80271462313532,3347.399909549757,3705.2949951171877,4063.1900806846184,19.31803465252091,0.012992692547556337,38.25306718476475,37.180866399420694,11.028424659291733,39.65067313137034,125.57161150917088,33.84929006862968,43.4050536280163
2026-03-24,3450.10009765625,3451.0,3341.10009765625,3365.60009765625,898547,3864.9819921874996,4679.519735107419,30.81002956725964,-144.97947482467816,-24.14140816123428,-120.83806666344388,3322.0472918076766,3670.830004882813,4019.612717957949,19.002934628473522,0.06243544220494531,39.55480689152773,38.20300027296618,10.332791684821897,37.14965267357834,124.45220371164082,33.84929006862968,43.4050536280163
2026-03-25,3415.60009765625,3532.300048828125,3390.0,3478.89990234375,1086467,3853.4319921874994,4668.054237060544,38.51234337786432,-140.71499286146172,-15.901540958414273,-124.81345190304745,3312.1041917533153,3648.209997558594,3984.3158033638724,18.425792705474894,0.2481297670398873,39.69390264316328,38.973484913964015,13.92329143392486,33.6794523199827,127.4698999588004,33.84929006862968,43.4050536280163
2026-03-27,3451.0,3505.89990234375,3373.60009765625,3399.60009765625,1288297,3842.98599609375,4655.5103308105445,35.5309928098663,-142.09619519741545,-13.826194635494403,-128.27000056192105,3294.484778107952,3622.0900024414063,3949.6952267748607,18.0892923208776,0.16042985847091668,39.9081637918782,39.731485341702964,12.893873761525654,32.10586265445508,127.81489315370752,33.84929006862968,43.4050536280163
2026-03-30,3300.0,3383.60009765625,3275.5,3295.800048828125,1835877,3830.257998046875,4642.944494628903,32.035163860110764,-149.8393496953786,-17.255479306766034,-132.58387038861255,3255.0862409573524,3594.0800048828123,3933.0737688082722,18.86400767177764,0.060050968783787136,40.58187668909051,40.137889666126895,11.997790079751123,35.368274929659165,127.54955061817483,31.461985234264525,43.4050536280163
2026-04-01,3447.0,3539.89990234375,3398.0,3526.5,1628959,3822.143999023437,4631.719494628903,44.98969049782113,-135.79493788724722,-2.568853998907713,-133.2260838883395,3267.5736130206874,3575.430004882812,3883.286396744937,17.220663888913975,0.42053112071695137,39.4369686900533,39.67256624096575,18.674810267823354,30.829745341971403,135.874572253707,31.461985234264525,38.887133339632655
2026-04-02,3435.0,3567.39990234375,3400.199951171875,3550.60009765625,1131209,3815.162001953125,4621.334995117184,46.144533766612575,-121.32144576998235,9.52371049468573,-130.84515626466808,3280.762175217385,3560.535009765625,3840.307844313865,15.715213235139982,0.4822446805362333,38.10258031730001,39.34222850319526,18.48219894145479,28.163830200148738,138.11209931929042,31.461985234264525,38.887133339632655
